transaction_id,date,customer_id,gender,age,product_category,quantity,price_per_unit,total_amount,amount_category,year,month,day_name
1,2023-11-24,Cust001,Male,34,Beauty,3,50,150,Medium,2023,11,Friday
2,2023-02-27,Cust002,Female,26,Clothing,2,500,1000,High,2023,2,Monday
3,2023-01-13,Cust003,Male,50,Electronics,1,30,30,Low,2023,1,Friday
4,2023-05-21,Cust004,Male,37,Clothing,1,500,500,Medium,2023,5,Sunday
5,2023-05-06,Cust005,Male,30,Beauty,2,50,100,Low,2023,5,Saturday
6,2023-04-25,Cust006,Female,45,Beauty,1,30,30,Low,2023,4,Tuesday
7,2023-03-13,Cust007,Male,46,Clothing,2,25,50,Low,2023,3,Monday
8,2023-02-22,Cust008,Male,30,Electronics,4,25,100,Low,2023,2,Wednesday
9,2023-12-13,Cust009,Male,63,Electronics,2,300,600,High,2023,12,Wednesday
10,2023-10-07,Cust010,Female,52,Clothing,4,50,200,Medium,2023,10,Saturday
11,2023-02-14,Cust011,Male,23,Clothing,2,50,100,Low,2023,2,Tuesday
12,2023-10-30,Cust012,Male,35,Beauty,3,25,75,Low,2023,10,Monday
13,2023-08-05,Cust013,Male,22,Electronics,3,500,1500,Premium,2023,8,Saturday
14,2023-01-17,Cust014,Male,64,Clothing,4,30,120,Medium,2023,1,Tuesday
15,2023-01-16,Cust015,Female,42,Electronics,4,500,2000,Premium,2023,1,Monday
16,2023-02-17,Cust016,Male,19,Clothing,3,500,1500,Premium,2023,2,Friday
17,2023-04-22,Cust017,Female,27,Clothing,4,25,100,Low,2023,4,Saturday
18,2023-04-30,Cust018,Female,47,Electronics,2,25,50,Low,2023,4,Sunday
19,2023-09-16,Cust019,Female,62,Clothing,2,25,50,Low,2023,9,Saturday
20,2023-11-05,Cust020,Male,22,Clothing,3,300,900,High,2023,11,Sunday
21,2023-01-14,Cust021,Female,50,Beauty,1,500,500,Medium,2023,1,Saturday
22,2023-10-15,Cust022,Male,18,Clothing,2,50,100,Low,2023,10,Sunday
23,2023-04-12,Cust023,Female,35,Clothing,4,30,120,Medium,2023,4,Wednesday
24,2023-11-29,Cust024,Female,49,Clothing,1,300,300,Medium,2023,11,Wednesday
25,2023-12-26,Cust025,Female,64,Beauty,1,50,50,Low,2023,12,Tuesday
26,2023-10-07,Cust026,Female,28,Electronics,2,500,1000,High,2023,10,Saturday
27,2023-08-03,Cust027,Female,38,Beauty,2,25,50,Low,2023,8,Thursday
28,2023-04-23,Cust028,Female,43,Beauty,1,500,500,Medium,2023,4,Sunday
29,2023-08-18,Cust029,Female,42,Electronics,1,30,30,Low,2023,8,Friday
30,2023-10-29,Cust030,Female,39,Beauty,3,300,900,High,2023,10,Sunday
31,2023-05-23,Cust031,Male,44,Electronics,4,300,1200,Premium,2023,5,Tuesday
32,2023-01-04,Cust032,Male,30,Beauty,3,30,90,Low,2023,1,Wednesday
33,2023-03-23,Cust033,Female,50,Electronics,2,50,100,Low,2023,3,Thursday
34,2023-12-24,Cust034,Female,51,Clothing,3,50,150,Medium,2023,12,Sunday
35,2023-08-05,Cust035,Female,58,Beauty,3,300,900,High,2023,8,Saturday
36,2023-06-24,Cust036,Male,52,Beauty,3,300,900,High,2023,6,Saturday
37,2023-05-23,Cust037,Female,18,Beauty,3,25,75,Low,2023,5,Tuesday
38,2023-03-21,Cust038,Male,38,Beauty,4,50,200,Medium,2023,3,Tuesday
39,2023-04-21,Cust039,Male,23,Clothing,4,30,120,Medium,2023,4,Friday
40,2023-06-22,Cust040,Male,45,Beauty,1,50,50,Low,2023,6,Thursday
41,2023-02-22,Cust041,Male,34,Clothing,2,25,50,Low,2023,2,Wednesday
42,2023-02-17,Cust042,Male,22,Clothing,3,300,900,High,2023,2,Friday
43,2023-07-14,Cust043,Female,48,Clothing,1,300,300,Medium,2023,7,Friday
44,2023-02-19,Cust044,Female,22,Clothing,1,25,25,Low,2023,2,Sunday
45,2023-07-03,Cust045,Female,55,Electronics,1,30,30,Low,2023,7,Monday
46,2023-06-26,Cust046,Female,20,Electronics,4,300,1200,Premium,2023,6,Monday
47,2023-11-06,Cust047,Female,40,Beauty,3,500,1500,Premium,2023,11,Monday
48,2023-05-16,Cust048,Male,54,Electronics,3,300,900,High,2023,5,Tuesday
49,2023-01-23,Cust049,Female,54,Electronics,2,500,1000,High,2023,1,Monday
50,2023-08-24,Cust050,Female,27,Beauty,3,25,75,Low,2023,8,Thursday
51,2023-10-02,Cust051,Male,27,Beauty,3,25,75,Low,2023,10,Monday
52,2023-03-05,Cust052,Female,36,Beauty,1,300,300,Medium,2023,3,Sunday
53,2023-07-13,Cust053,Male,34,Electronics,2,50,100,Low,2023,7,Thursday
54,2023-02-10,Cust054,Female,38,Electronics,3,500,1500,Premium,2023,2,Friday
55,2023-10-10,Cust055,Male,31,Beauty,4,30,120,Medium,2023,10,Tuesday
56,2023-05-31,Cust056,Female,26,Clothing,3,300,900,High,2023,5,Wednesday
57,2023-11-18,Cust057,Female,63,Beauty,1,30,30,Low,2023,11,Saturday
58,2023-11-13,Cust058,Male,18,Clothing,4,300,1200,Premium,2023,11,Monday
59,2023-07-05,Cust059,Male,62,Clothing,1,50,50,Low,2023,7,Wednesday
60,2023-10-23,Cust060,Male,30,Beauty,3,50,150,Medium,2023,10,Monday
61,2023-04-09,Cust061,Male,21,Beauty,4,50,200,Medium,2023,4,Sunday
62,2023-12-27,Cust062,Male,18,Beauty,2,50,100,Low,2023,12,Wednesday
63,2023-02-05,Cust063,Male,57,Electronics,2,25,50,Low,2023,2,Sunday
64,2023-01-24,Cust064,Male,49,Clothing,4,25,100,Low,2023,1,Tuesday
65,2023-12-05,Cust065,Male,51,Electronics,4,500,2000,Premium,2023,12,Tuesday
66,2023-04-27,Cust066,Female,45,Electronics,1,30,30,Low,2023,4,Thursday
67,2023-05-29,Cust067,Female,48,Beauty,4,300,1200,Premium,2023,5,Monday
68,2023-02-10,Cust068,Male,25,Electronics,1,300,300,Medium,2023,2,Friday
69,2023-04-30,Cust069,Female,56,Beauty,3,25,75,Low,2023,4,Sunday
70,2023-02-21,Cust070,Female,43,Clothing,1,300,300,Medium,2023,2,Tuesday
71,2023-07-14,Cust071,Female,51,Beauty,4,25,100,Low,2023,7,Friday
72,2023-05-23,Cust072,Female,20,Electronics,4,500,2000,Premium,2023,5,Tuesday
73,2023-08-21,Cust073,Male,29,Electronics,3,30,90,Low,2023,8,Monday
74,2023-11-22,Cust074,Female,18,Beauty,4,500,2000,Premium,2023,11,Wednesday
75,2023-07-06,Cust075,Male,61,Beauty,4,50,200,Medium,2023,7,Thursday
76,2023-03-25,Cust076,Female,22,Electronics,2,50,100,Low,2023,3,Saturday
77,2023-07-09,Cust077,Female,47,Clothing,2,50,100,Low,2023,7,Sunday
78,2023-07-01,Cust078,Female,47,Clothing,3,500,1500,Premium,2023,7,Saturday
79,2023-04-18,Cust079,Male,34,Beauty,1,300,300,Medium,2023,4,Tuesday
80,2023-12-10,Cust080,Female,64,Clothing,2,30,60,Low,2023,12,Sunday
81,2023-05-17,Cust081,Male,40,Electronics,1,50,50,Low,2023,5,Wednesday
82,2023-12-26,Cust082,Female,32,Beauty,4,50,200,Medium,2023,12,Tuesday
83,2023-12-16,Cust083,Male,54,Electronics,2,50,100,Low,2023,12,Saturday
84,2023-11-28,Cust084,Female,38,Electronics,3,30,90,Low,2023,11,Tuesday
85,2023-02-06,Cust085,Male,31,Clothing,3,50,150,Medium,2023,2,Monday
86,2023-11-08,Cust086,Male,19,Beauty,3,30,90,Low,2023,11,Wednesday
87,2023-11-22,Cust087,Female,28,Beauty,2,50,100,Low,2023,11,Wednesday
88,2023-03-29,Cust088,Male,56,Clothing,1,500,500,Medium,2023,3,Wednesday
89,2023-10-01,Cust089,Female,55,Electronics,4,500,2000,Premium,2023,10,Sunday
90,2023-05-06,Cust090,Female,51,Electronics,1,30,30,Low,2023,5,Saturday
91,2023-03-25,Cust091,Female,55,Electronics,1,500,500,Medium,2023,3,Saturday
92,2023-08-25,Cust092,Female,51,Electronics,4,30,120,Medium,2023,8,Friday
93,2023-07-14,Cust093,Female,35,Beauty,4,500,2000,Premium,2023,7,Friday
94,2023-05-19,Cust094,Female,47,Beauty,2,500,1000,High,2023,5,Friday
95,2023-11-24,Cust095,Female,32,Clothing,2,30,60,Low,2023,11,Friday
96,2023-12-19,Cust096,Female,44,Clothing,2,300,600,High,2023,12,Tuesday
97,2023-10-13,Cust097,Female,51,Beauty,2,500,1000,High,2023,10,Friday
98,2023-04-23,Cust098,Female,55,Beauty,2,50,100,Low,2023,4,Sunday
99,2023-12-17,Cust099,Female,50,Electronics,4,300,1200,Premium,2023,12,Sunday
100,2023-06-16,Cust100,Male,41,Electronics,1,30,30,Low,2023,6,Friday
101,2023-01-29,Cust101,Male,32,Clothing,2,300,600,High,2023,1,Sunday
102,2023-04-28,Cust102,Female,47,Beauty,2,25,50,Low,2023,4,Friday
103,2023-01-17,Cust103,Female,59,Clothing,1,25,25,Low,2023,1,Tuesday
104,2023-06-11,Cust104,Female,34,Beauty,2,500,1000,High,2023,6,Sunday
105,2023-07-25,Cust105,Female,22,Electronics,1,500,500,Medium,2023,7,Tuesday
106,2023-05-18,Cust106,Female,46,Clothing,1,50,50,Low,2023,5,Thursday
107,2023-02-03,Cust107,Female,21,Clothing,4,300,1200,Premium,2023,2,Friday
108,2023-04-19,Cust108,Female,27,Beauty,3,25,75,Low,2023,4,Wednesday
109,2023-10-18,Cust109,Female,34,Electronics,4,500,2000,Premium,2023,10,Wednesday
110,2023-06-11,Cust110,Male,27,Clothing,3,300,900,High,2023,6,Sunday
111,2023-04-19,Cust111,Female,34,Electronics,3,500,1500,Premium,2023,4,Wednesday
112,2023-12-02,Cust112,Male,37,Clothing,3,500,1500,Premium,2023,12,Saturday
113,2023-09-13,Cust113,Female,41,Electronics,2,25,50,Low,2023,9,Wednesday
114,2023-07-22,Cust114,Female,22,Beauty,4,25,100,Low,2023,7,Saturday
115,2023-11-26,Cust115,Male,51,Clothing,3,500,1500,Premium,2023,11,Sunday
116,2023-08-23,Cust116,Female,23,Clothing,1,30,30,Low,2023,8,Wednesday
117,2023-03-15,Cust117,Male,19,Electronics,2,500,1000,High,2023,3,Wednesday
118,2023-05-16,Cust118,Female,30,Electronics,4,500,2000,Premium,2023,5,Tuesday
119,2023-03-13,Cust119,Female,60,Clothing,3,50,150,Medium,2023,3,Monday
120,2023-05-07,Cust120,Male,60,Beauty,1,50,50,Low,2023,5,Sunday
121,2023-10-15,Cust121,Female,28,Electronics,4,50,200,Medium,2023,10,Sunday
122,2023-10-03,Cust122,Male,64,Electronics,4,30,120,Medium,2023,10,Tuesday
123,2023-05-15,Cust123,Female,40,Electronics,2,30,60,Low,2023,5,Monday
124,2023-10-27,Cust124,Male,33,Clothing,4,500,2000,Premium,2023,10,Friday
125,2023-08-08,Cust125,Male,48,Clothing,2,50,100,Low,2023,8,Tuesday
126,2023-10-26,Cust126,Female,28,Clothing,3,30,90,Low,2023,10,Thursday
127,2023-07-24,Cust127,Female,33,Clothing,2,25,50,Low,2023,7,Monday
128,2023-07-05,Cust128,Male,25,Beauty,1,500,500,Medium,2023,7,Wednesday
129,2023-04-23,Cust129,Female,21,Beauty,2,300,600,High,2023,4,Sunday
130,2023-03-12,Cust130,Female,57,Clothing,1,500,500,Medium,2023,3,Sunday
131,2023-09-18,Cust131,Female,21,Beauty,2,300,600,High,2023,9,Monday
132,2023-09-10,Cust132,Male,42,Electronics,4,50,200,Medium,2023,9,Sunday
133,2023-02-16,Cust133,Male,20,Electronics,3,300,900,High,2023,2,Thursday
134,2023-01-25,Cust134,Male,49,Electronics,1,50,50,Low,2023,1,Wednesday
135,2023-02-26,Cust135,Male,20,Clothing,2,25,50,Low,2023,2,Sunday
136,2023-03-20,Cust136,Male,44,Electronics,2,300,600,High,2023,3,Monday
137,2023-11-18,Cust137,Male,46,Beauty,2,500,1000,High,2023,11,Saturday
138,2023-03-23,Cust138,Male,49,Clothing,4,50,200,Medium,2023,3,Thursday
139,2023-12-15,Cust139,Male,36,Beauty,4,500,2000,Premium,2023,12,Friday
140,2023-08-05,Cust140,Male,38,Electronics,1,30,30,Low,2023,8,Saturday
141,2023-11-02,Cust141,Female,22,Electronics,1,50,50,Low,2023,11,Thursday
142,2023-02-02,Cust142,Male,35,Electronics,4,300,1200,Premium,2023,2,Thursday
143,2023-07-17,Cust143,Female,45,Clothing,1,50,50,Low,2023,7,Monday
144,2023-07-15,Cust144,Female,59,Beauty,3,500,1500,Premium,2023,7,Saturday
145,2023-11-02,Cust145,Female,39,Clothing,3,25,75,Low,2023,11,Thursday
146,2023-08-28,Cust146,Male,38,Clothing,4,50,200,Medium,2023,8,Monday
147,2023-09-28,Cust147,Male,23,Electronics,1,300,300,Medium,2023,9,Thursday
148,2023-05-09,Cust148,Male,18,Clothing,2,30,60,Low,2023,5,Tuesday
149,2023-10-11,Cust149,Male,22,Clothing,3,25,75,Low,2023,10,Wednesday
150,2023-01-06,Cust150,Female,58,Electronics,4,30,120,Medium,2023,1,Friday
151,2023-12-15,Cust151,Male,29,Clothing,1,50,50,Low,2023,12,Friday
152,2023-02-28,Cust152,Male,43,Electronics,4,500,2000,Premium,2023,2,Tuesday
153,2023-12-16,Cust153,Male,63,Electronics,2,500,1000,High,2023,12,Saturday
154,2023-10-02,Cust154,Male,51,Electronics,3,300,900,High,2023,10,Monday
155,2023-05-17,Cust155,Male,31,Electronics,4,500,2000,Premium,2023,5,Wednesday
156,2023-11-25,Cust156,Female,43,Clothing,4,25,100,Low,2023,11,Saturday
157,2023-06-24,Cust157,Male,62,Electronics,4,500,2000,Premium,2023,6,Saturday
158,2023-02-27,Cust158,Female,44,Electronics,2,300,600,High,2023,2,Monday
159,2023-05-31,Cust159,Male,26,Clothing,4,50,200,Medium,2023,5,Wednesday
160,2023-08-11,Cust160,Female,43,Clothing,2,50,100,Low,2023,8,Friday
161,2023-03-22,Cust161,Male,64,Beauty,2,500,1000,High,2023,3,Wednesday
162,2023-08-21,Cust162,Male,39,Clothing,2,30,60,Low,2023,8,Monday
163,2023-01-02,Cust163,Female,64,Clothing,3,50,150,Medium,2023,1,Monday
164,2023-05-15,Cust164,Female,47,Beauty,3,500,1500,Premium,2023,5,Monday
165,2023-09-14,Cust165,Female,60,Clothing,4,300,1200,Premium,2023,9,Thursday
166,2023-04-02,Cust166,Male,34,Clothing,4,500,2000,Premium,2023,4,Sunday
167,2023-09-17,Cust167,Female,43,Clothing,3,50,150,Medium,2023,9,Sunday
168,2023-02-24,Cust168,Male,53,Clothing,1,300,300,Medium,2023,2,Friday
169,2023-11-17,Cust169,Male,18,Beauty,3,500,1500,Premium,2023,11,Friday
170,2023-06-02,Cust170,Female,25,Clothing,2,25,50,Low,2023,6,Friday
171,2023-11-24,Cust171,Female,52,Clothing,3,300,900,High,2023,11,Friday
172,2023-09-17,Cust172,Male,32,Beauty,2,25,50,Low,2023,9,Sunday
173,2023-11-08,Cust173,Male,64,Electronics,4,30,120,Medium,2023,11,Wednesday
174,2023-04-12,Cust174,Female,39,Beauty,1,300,300,Medium,2023,4,Wednesday
175,2023-03-20,Cust175,Female,31,Electronics,4,25,100,Low,2023,3,Monday
176,2023-07-11,Cust176,Female,43,Beauty,2,50,100,Low,2023,7,Tuesday
177,2023-03-24,Cust177,Male,45,Beauty,2,50,100,Low,2023,3,Friday
178,2023-10-04,Cust178,Male,40,Clothing,2,30,60,Low,2023,10,Wednesday
179,2023-09-29,Cust179,Male,31,Electronics,1,300,300,Medium,2023,9,Friday
180,2023-01-01,Cust180,Male,41,Clothing,3,300,900,High,2023,1,Sunday
181,2023-11-03,Cust181,Male,19,Electronics,4,300,1200,Premium,2023,11,Friday
182,2023-06-15,Cust182,Male,62,Beauty,4,30,120,Medium,2023,6,Thursday
183,2023-09-08,Cust183,Female,43,Beauty,3,300,900,High,2023,9,Friday
184,2023-01-10,Cust184,Male,31,Electronics,4,50,200,Medium,2023,1,Tuesday
185,2023-02-27,Cust185,Male,24,Clothing,1,25,25,Low,2023,2,Monday
186,2023-07-05,Cust186,Male,20,Clothing,4,50,200,Medium,2023,7,Wednesday
187,2023-06-07,Cust187,Female,64,Clothing,2,50,100,Low,2023,6,Wednesday
188,2023-05-03,Cust188,Male,40,Clothing,3,25,75,Low,2023,5,Wednesday
189,2023-01-30,Cust189,Male,63,Beauty,1,50,50,Low,2023,1,Monday
190,2023-05-04,Cust190,Female,60,Beauty,3,30,90,Low,2023,5,Thursday
191,2023-10-18,Cust191,Male,64,Beauty,1,25,25,Low,2023,10,Wednesday
192,2023-02-10,Cust192,Male,62,Beauty,2,50,100,Low,2023,2,Friday
193,2023-02-13,Cust193,Male,35,Beauty,3,500,1500,Premium,2023,2,Monday
194,2023-09-06,Cust194,Male,55,Clothing,4,50,200,Medium,2023,9,Wednesday
195,2023-02-05,Cust195,Male,52,Clothing,1,30,30,Low,2023,2,Sunday
196,2023-09-30,Cust196,Female,32,Clothing,3,300,900,High,2023,9,Saturday
197,2023-03-06,Cust197,Female,42,Clothing,4,50,200,Medium,2023,3,Monday
198,2023-03-07,Cust198,Female,54,Beauty,3,300,900,High,2023,3,Tuesday
199,2023-12-04,Cust199,Male,45,Beauty,3,500,1500,Premium,2023,12,Monday
200,2023-09-01,Cust200,Male,27,Beauty,3,50,150,Medium,2023,9,Friday
201,2023-10-09,Cust201,Male,56,Electronics,1,25,25,Low,2023,10,Monday
202,2023-03-26,Cust202,Female,34,Clothing,4,300,1200,Premium,2023,3,Sunday
203,2023-05-16,Cust203,Male,56,Clothing,2,500,1000,High,2023,5,Tuesday
204,2023-09-28,Cust204,Male,39,Beauty,1,25,25,Low,2023,9,Thursday
205,2023-11-07,Cust205,Female,43,Clothing,1,25,25,Low,2023,11,Tuesday
206,2023-08-05,Cust206,Male,61,Clothing,1,25,25,Low,2023,8,Saturday
207,2023-04-19,Cust207,Female,42,Beauty,2,25,50,Low,2023,4,Wednesday
208,2023-10-04,Cust208,Female,34,Electronics,4,50,200,Medium,2023,10,Wednesday
209,2023-12-20,Cust209,Female,30,Electronics,4,50,200,Medium,2023,12,Wednesday
210,2023-04-13,Cust210,Male,37,Electronics,4,50,200,Medium,2023,4,Thursday
211,2024-01-01,Cust211,Male,42,Beauty,3,500,1500,Premium,2024,1,Monday
212,2023-06-09,Cust212,Male,21,Clothing,3,500,1500,Premium,2023,6,Friday
213,2023-07-24,Cust213,Male,27,Beauty,3,500,1500,Premium,2023,7,Monday
214,2023-12-10,Cust214,Male,20,Beauty,2,30,60,Low,2023,12,Sunday
215,2023-11-29,Cust215,Male,58,Clothing,3,500,1500,Premium,2023,11,Wednesday
216,2023-07-11,Cust216,Male,62,Electronics,2,50,100,Low,2023,7,Tuesday
217,2023-08-13,Cust217,Female,35,Electronics,4,50,200,Medium,2023,8,Sunday
218,2023-09-22,Cust218,Male,64,Beauty,3,30,90,Low,2023,9,Friday
219,2023-08-20,Cust219,Female,53,Electronics,3,30,90,Low,2023,8,Sunday
220,2023-03-03,Cust220,Male,64,Beauty,1,500,500,Medium,2023,3,Friday
221,2023-05-07,Cust221,Male,39,Beauty,2,300,600,High,2023,5,Sunday
222,2023-04-26,Cust222,Male,51,Clothing,4,30,120,Medium,2023,4,Wednesday
223,2023-02-02,Cust223,Female,64,Clothing,1,25,25,Low,2023,2,Thursday
224,2023-06-23,Cust224,Female,25,Clothing,1,50,50,Low,2023,6,Friday
225,2023-01-11,Cust225,Female,57,Beauty,4,25,100,Low,2023,1,Wednesday
226,2023-10-29,Cust226,Female,61,Clothing,1,50,50,Low,2023,10,Sunday
227,2023-10-11,Cust227,Male,36,Electronics,2,50,100,Low,2023,10,Wednesday
228,2023-04-28,Cust228,Female,59,Electronics,2,30,60,Low,2023,4,Friday
229,2023-10-29,Cust229,Male,58,Beauty,3,30,90,Low,2023,10,Sunday
230,2023-04-23,Cust230,Male,54,Beauty,1,25,25,Low,2023,4,Sunday
231,2023-01-04,Cust231,Female,23,Clothing,3,50,150,Medium,2023,1,Wednesday
232,2023-02-06,Cust232,Female,43,Beauty,1,25,25,Low,2023,2,Monday
233,2023-12-29,Cust233,Female,51,Beauty,2,300,600,High,2023,12,Friday
234,2023-11-20,Cust234,Female,62,Electronics,2,25,50,Low,2023,11,Monday
235,2023-01-31,Cust235,Female,23,Electronics,2,500,1000,High,2023,1,Tuesday
236,2023-04-28,Cust236,Female,54,Clothing,1,25,25,Low,2023,4,Friday
237,2023-02-04,Cust237,Female,50,Beauty,2,500,1000,High,2023,2,Saturday
238,2023-01-17,Cust238,Female,39,Beauty,1,500,500,Medium,2023,1,Tuesday
239,2023-06-19,Cust239,Male,38,Electronics,3,500,1500,Premium,2023,6,Monday
240,2023-02-06,Cust240,Female,23,Beauty,1,300,300,Medium,2023,2,Monday
241,2023-09-21,Cust241,Female,23,Electronics,3,25,75,Low,2023,9,Thursday
242,2023-05-02,Cust242,Male,21,Clothing,1,25,25,Low,2023,5,Tuesday
243,2023-05-23,Cust243,Female,47,Electronics,3,300,900,High,2023,5,Tuesday
244,2023-12-09,Cust244,Male,28,Beauty,2,50,100,Low,2023,12,Saturday
245,2023-09-06,Cust245,Male,47,Clothing,3,30,90,Low,2023,9,Wednesday
246,2023-04-20,Cust246,Female,48,Electronics,2,25,50,Low,2023,4,Thursday
247,2023-10-04,Cust247,Male,41,Electronics,2,30,60,Low,2023,10,Wednesday
248,2023-03-09,Cust248,Male,26,Clothing,3,300,900,High,2023,3,Thursday
249,2023-10-20,Cust249,Male,20,Clothing,1,50,50,Low,2023,10,Friday
250,2023-10-23,Cust250,Male,48,Electronics,1,50,50,Low,2023,10,Monday
251,2023-08-31,Cust251,Female,57,Beauty,4,50,200,Medium,2023,8,Thursday
252,2023-05-05,Cust252,Male,54,Electronics,1,300,300,Medium,2023,5,Friday
253,2023-08-31,Cust253,Female,53,Clothing,4,500,2000,Premium,2023,8,Thursday
254,2023-07-28,Cust254,Male,41,Electronics,1,500,500,Medium,2023,7,Friday
255,2023-04-08,Cust255,Male,48,Clothing,1,30,30,Low,2023,4,Saturday
256,2023-02-18,Cust256,Male,23,Clothing,2,500,1000,High,2023,2,Saturday
257,2023-02-19,Cust257,Male,19,Beauty,4,500,2000,Premium,2023,2,Sunday
258,2023-12-04,Cust258,Female,37,Clothing,1,50,50,Low,2023,12,Monday
259,2023-08-09,Cust259,Female,45,Clothing,4,50,200,Medium,2023,8,Wednesday
260,2023-07-01,Cust260,Male,28,Beauty,2,30,60,Low,2023,7,Saturday
261,2023-08-05,Cust261,Male,21,Clothing,2,25,50,Low,2023,8,Saturday
262,2023-07-30,Cust262,Female,32,Beauty,4,30,120,Medium,2023,7,Sunday
263,2023-08-28,Cust263,Male,23,Beauty,2,30,60,Low,2023,8,Monday
264,2023-01-28,Cust264,Male,47,Clothing,3,300,900,High,2023,1,Saturday
265,2023-12-11,Cust265,Male,55,Clothing,3,300,900,High,2023,12,Monday
266,2023-12-01,Cust266,Female,19,Electronics,2,30,60,Low,2023,12,Friday
267,2023-11-27,Cust267,Female,32,Beauty,3,30,90,Low,2023,11,Monday
268,2023-02-20,Cust268,Female,28,Electronics,1,30,30,Low,2023,2,Monday
269,2023-02-01,Cust269,Male,25,Clothing,4,500,2000,Premium,2023,2,Wednesday
270,2023-07-26,Cust270,Male,43,Electronics,1,300,300,Medium,2023,7,Wednesday
271,2023-06-23,Cust271,Female,62,Beauty,4,30,120,Medium,2023,6,Friday
272,2023-02-25,Cust272,Female,61,Electronics,2,50,100,Low,2023,2,Saturday
273,2023-05-08,Cust273,Female,22,Beauty,1,50,50,Low,2023,5,Monday
274,2023-04-09,Cust274,Female,23,Clothing,2,500,1000,High,2023,4,Sunday
275,2023-04-08,Cust275,Male,43,Clothing,2,500,1000,High,2023,4,Saturday
276,2023-10-02,Cust276,Female,21,Beauty,4,25,100,Low,2023,10,Monday
277,2023-08-18,Cust277,Male,36,Clothing,4,25,100,Low,2023,8,Friday
278,2023-03-13,Cust278,Female,37,Clothing,4,25,100,Low,2023,3,Monday
279,2023-08-05,Cust279,Male,50,Clothing,1,500,500,Medium,2023,8,Saturday
280,2023-04-04,Cust280,Female,37,Clothing,3,500,1500,Premium,2023,4,Tuesday
281,2023-05-23,Cust281,Female,29,Beauty,4,500,2000,Premium,2023,5,Tuesday
282,2023-08-25,Cust282,Female,64,Electronics,4,50,200,Medium,2023,8,Friday
283,2023-05-08,Cust283,Female,18,Electronics,1,500,500,Medium,2023,5,Monday
284,2023-02-08,Cust284,Male,43,Clothing,4,50,200,Medium,2023,2,Wednesday
285,2023-08-15,Cust285,Female,31,Electronics,1,25,25,Low,2023,8,Tuesday
286,2023-10-09,Cust286,Male,55,Electronics,2,25,50,Low,2023,10,Monday
287,2023-02-20,Cust287,Male,54,Clothing,4,25,100,Low,2023,2,Monday
288,2023-01-26,Cust288,Male,28,Clothing,4,30,120,Medium,2023,1,Thursday
289,2023-11-30,Cust289,Male,53,Electronics,2,30,60,Low,2023,11,Thursday
290,2023-10-04,Cust290,Female,30,Beauty,2,300,600,High,2023,10,Wednesday
291,2023-01-08,Cust291,Male,60,Clothing,2,300,600,High,2023,1,Sunday
292,2023-02-17,Cust292,Male,20,Beauty,4,300,1200,Premium,2023,2,Friday
293,2023-05-02,Cust293,Male,50,Electronics,3,30,90,Low,2023,5,Tuesday
294,2023-03-27,Cust294,Female,23,Clothing,3,30,90,Low,2023,3,Monday
295,2023-07-28,Cust295,Female,27,Beauty,3,300,900,High,2023,7,Friday
296,2023-09-06,Cust296,Female,22,Clothing,4,300,1200,Premium,2023,9,Wednesday
297,2023-09-04,Cust297,Female,40,Electronics,2,500,1000,High,2023,9,Monday
298,2023-04-20,Cust298,Male,27,Beauty,4,300,1200,Premium,2023,4,Thursday
299,2023-07-25,Cust299,Male,61,Electronics,2,500,1000,High,2023,7,Tuesday
300,2023-01-31,Cust300,Female,19,Electronics,4,50,200,Medium,2023,1,Tuesday
301,2023-03-26,Cust301,Male,30,Clothing,4,30,120,Medium,2023,3,Sunday
302,2023-07-14,Cust302,Male,57,Beauty,2,300,600,High,2023,7,Friday
303,2023-01-02,Cust303,Male,19,Electronics,3,30,90,Low,2023,1,Monday
304,2023-07-19,Cust304,Female,37,Electronics,2,30,60,Low,2023,7,Wednesday
305,2023-05-16,Cust305,Female,18,Beauty,1,30,30,Low,2023,5,Tuesday
306,2023-08-21,Cust306,Male,54,Electronics,1,50,50,Low,2023,8,Monday
307,2023-05-27,Cust307,Female,26,Electronics,2,25,50,Low,2023,5,Saturday
308,2023-08-05,Cust308,Female,34,Beauty,4,300,1200,Premium,2023,8,Saturday
309,2023-12-23,Cust309,Female,26,Beauty,1,25,25,Low,2023,12,Saturday
310,2023-10-12,Cust310,Female,28,Beauty,1,25,25,Low,2023,10,Thursday
311,2023-12-05,Cust311,Female,32,Beauty,4,25,100,Low,2023,12,Tuesday
312,2023-09-07,Cust312,Male,41,Clothing,4,30,120,Medium,2023,9,Thursday
313,2023-03-21,Cust313,Female,55,Beauty,3,500,1500,Premium,2023,3,Tuesday
314,2023-04-08,Cust314,Male,52,Clothing,4,30,120,Medium,2023,4,Saturday
315,2023-06-01,Cust315,Male,47,Clothing,2,30,60,Low,2023,6,Thursday
316,2023-04-22,Cust316,Female,48,Clothing,2,25,50,Low,2023,4,Saturday
317,2023-01-30,Cust317,Male,22,Electronics,3,30,90,Low,2023,1,Monday
318,2023-10-24,Cust318,Male,61,Clothing,1,25,25,Low,2023,10,Tuesday
319,2023-10-05,Cust319,Male,31,Clothing,1,500,500,Medium,2023,10,Thursday
320,2023-02-01,Cust320,Female,28,Electronics,4,300,1200,Premium,2023,2,Wednesday
321,2023-06-10,Cust321,Female,26,Electronics,2,25,50,Low,2023,6,Saturday
322,2023-01-30,Cust322,Male,51,Electronics,1,500,500,Medium,2023,1,Monday
323,2023-01-26,Cust323,Female,29,Beauty,3,300,900,High,2023,1,Thursday
324,2023-10-27,Cust324,Female,52,Electronics,3,50,150,Medium,2023,10,Friday
325,2023-09-02,Cust325,Female,52,Electronics,2,25,50,Low,2023,9,Saturday
326,2023-09-15,Cust326,Female,18,Clothing,3,25,75,Low,2023,9,Friday
327,2023-09-29,Cust327,Male,57,Electronics,3,50,150,Medium,2023,9,Friday
328,2023-03-22,Cust328,Male,39,Beauty,2,50,100,Low,2023,3,Wednesday
329,2023-01-30,Cust329,Female,46,Electronics,4,25,100,Low,2023,1,Monday
330,2023-09-18,Cust330,Female,25,Beauty,4,50,200,Medium,2023,9,Monday
331,2023-02-11,Cust331,Male,28,Electronics,3,30,90,Low,2023,2,Saturday
332,2023-04-06,Cust332,Male,58,Electronics,4,300,1200,Premium,2023,4,Thursday
333,2023-02-05,Cust333,Female,54,Electronics,4,300,1200,Premium,2023,2,Sunday
334,2023-11-01,Cust334,Male,31,Electronics,3,300,900,High,2023,11,Wednesday
335,2023-02-04,Cust335,Female,47,Beauty,4,30,120,Medium,2023,2,Saturday
336,2023-12-12,Cust336,Female,52,Beauty,3,50,150,Medium,2023,12,Tuesday
337,2023-05-01,Cust337,Male,38,Clothing,1,500,500,Medium,2023,5,Monday
338,2023-07-26,Cust338,Male,54,Beauty,2,50,100,Low,2023,7,Wednesday
339,2023-03-03,Cust339,Female,22,Electronics,2,25,50,Low,2023,3,Friday
340,2023-10-19,Cust340,Female,36,Clothing,4,300,1200,Premium,2023,10,Thursday
341,2023-05-07,Cust341,Male,31,Clothing,4,50,200,Medium,2023,5,Sunday
342,2023-10-24,Cust342,Female,43,Clothing,4,500,2000,Premium,2023,10,Tuesday
343,2023-11-01,Cust343,Male,21,Electronics,2,25,50,Low,2023,11,Wednesday
344,2023-01-21,Cust344,Female,42,Beauty,1,30,30,Low,2023,1,Saturday
345,2023-11-14,Cust345,Male,62,Electronics,1,30,30,Low,2023,11,Tuesday
346,2023-02-11,Cust346,Male,59,Clothing,2,500,1000,High,2023,2,Saturday
347,2023-08-03,Cust347,Male,42,Electronics,1,25,25,Low,2023,8,Thursday
348,2023-12-03,Cust348,Female,35,Electronics,2,300,600,High,2023,12,Sunday
349,2023-10-26,Cust349,Female,57,Beauty,1,50,50,Low,2023,10,Thursday
350,2023-10-17,Cust350,Male,25,Beauty,3,25,75,Low,2023,10,Tuesday
351,2023-09-25,Cust351,Female,56,Clothing,3,30,90,Low,2023,9,Monday
352,2023-06-11,Cust352,Male,57,Electronics,2,500,1000,High,2023,6,Sunday
353,2023-05-14,Cust353,Male,31,Electronics,1,500,500,Medium,2023,5,Sunday
354,2023-04-15,Cust354,Female,49,Beauty,4,50,200,Medium,2023,4,Saturday
355,2023-12-09,Cust355,Female,55,Electronics,1,500,500,Medium,2023,12,Saturday
356,2023-06-10,Cust356,Male,50,Electronics,3,500,1500,Premium,2023,6,Saturday
357,2023-05-03,Cust357,Female,40,Electronics,3,25,75,Low,2023,5,Wednesday
358,2023-05-16,Cust358,Female,32,Beauty,1,300,300,Medium,2023,5,Tuesday
359,2023-07-22,Cust359,Male,50,Clothing,1,50,50,Low,2023,7,Saturday
360,2023-03-09,Cust360,Male,42,Clothing,4,25,100,Low,2023,3,Thursday
361,2023-12-10,Cust361,Female,34,Electronics,4,300,1200,Premium,2023,12,Sunday
362,2023-11-27,Cust362,Male,50,Clothing,1,25,25,Low,2023,11,Monday
363,2023-06-03,Cust363,Male,64,Beauty,1,25,25,Low,2023,6,Saturday
364,2023-08-23,Cust364,Female,19,Beauty,1,500,500,Medium,2023,8,Wednesday
365,2023-06-11,Cust365,Male,31,Clothing,1,300,300,Medium,2023,6,Sunday
366,2023-02-07,Cust366,Male,57,Clothing,2,50,100,Low,2023,2,Tuesday
367,2023-01-05,Cust367,Female,57,Electronics,1,50,50,Low,2023,1,Thursday
368,2023-08-23,Cust368,Female,56,Clothing,4,300,1200,Premium,2023,8,Wednesday
369,2023-11-15,Cust369,Male,23,Electronics,3,500,1500,Premium,2023,11,Wednesday
370,2023-10-16,Cust370,Male,23,Electronics,2,30,60,Low,2023,10,Monday
371,2023-02-21,Cust371,Female,20,Beauty,1,25,25,Low,2023,2,Tuesday
372,2023-02-07,Cust372,Female,24,Beauty,3,500,1500,Premium,2023,2,Tuesday
373,2023-10-03,Cust373,Female,25,Beauty,2,300,600,High,2023,10,Tuesday
374,2023-04-20,Cust374,Female,59,Beauty,3,25,75,Low,2023,4,Thursday
375,2023-09-17,Cust375,Male,32,Clothing,1,50,50,Low,2023,9,Sunday
376,2023-05-16,Cust376,Female,64,Beauty,1,30,30,Low,2023,5,Tuesday
377,2023-03-09,Cust377,Female,46,Clothing,4,50,200,Medium,2023,3,Thursday
378,2023-06-28,Cust378,Male,50,Beauty,1,300,300,Medium,2023,6,Wednesday
379,2023-02-05,Cust379,Female,47,Clothing,1,25,25,Low,2023,2,Sunday
380,2023-05-06,Cust380,Male,56,Electronics,2,300,600,High,2023,5,Saturday
381,2023-07-09,Cust381,Female,44,Clothing,4,25,100,Low,2023,7,Sunday
382,2023-05-26,Cust382,Female,53,Clothing,2,500,1000,High,2023,5,Friday
383,2023-03-22,Cust383,Female,46,Beauty,3,30,90,Low,2023,3,Wednesday
384,2023-08-13,Cust384,Male,55,Clothing,1,500,500,Medium,2023,8,Sunday
385,2023-10-06,Cust385,Male,50,Electronics,3,500,1500,Premium,2023,10,Friday
386,2023-12-27,Cust386,Female,54,Electronics,2,300,600,High,2023,12,Wednesday
387,2023-06-04,Cust387,Male,44,Beauty,1,30,30,Low,2023,6,Sunday
388,2023-11-10,Cust388,Male,50,Electronics,1,25,25,Low,2023,11,Friday
389,2023-12-01,Cust389,Male,21,Clothing,2,25,50,Low,2023,12,Friday
390,2023-09-28,Cust390,Male,39,Electronics,2,50,100,Low,2023,9,Thursday
391,2023-01-05,Cust391,Male,19,Beauty,2,25,50,Low,2023,1,Thursday
392,2023-12-08,Cust392,Male,27,Clothing,2,300,600,High,2023,12,Friday
393,2023-10-11,Cust393,Female,22,Beauty,2,500,1000,High,2023,10,Wednesday
394,2023-06-03,Cust394,Female,27,Clothing,1,500,500,Medium,2023,6,Saturday
395,2023-12-06,Cust395,Male,50,Electronics,2,500,1000,High,2023,12,Wednesday
396,2023-02-23,Cust396,Female,55,Beauty,1,30,30,Low,2023,2,Thursday
397,2023-03-10,Cust397,Female,30,Beauty,1,25,25,Low,2023,3,Friday
398,2023-05-16,Cust398,Female,48,Clothing,2,300,600,High,2023,5,Tuesday
399,2023-03-01,Cust399,Female,64,Beauty,2,30,60,Low,2023,3,Wednesday
400,2023-02-24,Cust400,Male,53,Clothing,4,50,200,Medium,2023,2,Friday
401,2023-10-11,Cust401,Female,62,Clothing,1,300,300,Medium,2023,10,Wednesday
402,2023-03-21,Cust402,Female,41,Clothing,2,300,600,High,2023,3,Tuesday
403,2023-05-20,Cust403,Male,32,Clothing,2,300,600,High,2023,5,Saturday
404,2023-05-25,Cust404,Male,46,Electronics,2,500,1000,High,2023,5,Thursday
405,2023-11-06,Cust405,Female,25,Clothing,4,300,1200,Premium,2023,11,Monday
406,2023-04-18,Cust406,Female,22,Beauty,4,25,100,Low,2023,4,Tuesday
407,2023-06-25,Cust407,Female,46,Electronics,3,300,900,High,2023,6,Sunday
408,2023-04-15,Cust408,Female,64,Beauty,1,500,500,Medium,2023,4,Saturday
409,2023-12-18,Cust409,Female,21,Electronics,3,300,900,High,2023,12,Monday
410,2023-11-21,Cust410,Female,29,Clothing,2,50,100,Low,2023,11,Tuesday
411,2023-05-16,Cust411,Male,62,Electronics,4,50,200,Medium,2023,5,Tuesday
412,2023-09-16,Cust412,Female,19,Electronics,4,500,2000,Premium,2023,9,Saturday
413,2023-09-08,Cust413,Female,44,Beauty,3,25,75,Low,2023,9,Friday
414,2023-05-09,Cust414,Male,48,Beauty,4,25,100,Low,2023,5,Tuesday
415,2023-01-27,Cust415,Male,53,Clothing,2,30,60,Low,2023,1,Friday
416,2023-02-17,Cust416,Male,53,Electronics,4,500,2000,Premium,2023,2,Friday
417,2023-11-21,Cust417,Male,43,Electronics,3,300,900,High,2023,11,Tuesday
418,2023-08-05,Cust418,Female,60,Electronics,2,500,1000,High,2023,8,Saturday
419,2023-05-22,Cust419,Female,44,Clothing,3,30,90,Low,2023,5,Monday
420,2023-01-23,Cust420,Female,22,Clothing,4,500,2000,Premium,2023,1,Monday
421,2023-01-02,Cust421,Female,37,Clothing,3,500,1500,Premium,2023,1,Monday
422,2023-06-20,Cust422,Female,28,Clothing,3,30,90,Low,2023,6,Tuesday
423,2023-03-08,Cust423,Female,27,Clothing,1,25,25,Low,2023,3,Wednesday
424,2023-11-23,Cust424,Male,57,Beauty,4,300,1200,Premium,2023,11,Thursday
425,2023-05-15,Cust425,Female,55,Electronics,4,30,120,Medium,2023,5,Monday
426,2023-03-24,Cust426,Male,23,Electronics,3,50,150,Medium,2023,3,Friday
427,2023-08-15,Cust427,Male,25,Electronics,1,25,25,Low,2023,8,Tuesday
428,2023-10-10,Cust428,Female,40,Electronics,4,50,200,Medium,2023,10,Tuesday
429,2023-12-28,Cust429,Male,64,Electronics,2,25,50,Low,2023,12,Thursday
430,2023-08-07,Cust430,Female,43,Electronics,3,300,900,High,2023,8,Monday
431,2023-10-15,Cust431,Male,63,Electronics,4,300,1200,Premium,2023,10,Sunday
432,2023-01-05,Cust432,Female,60,Electronics,2,500,1000,High,2023,1,Thursday
433,2023-02-27,Cust433,Male,29,Beauty,4,50,200,Medium,2023,2,Monday
434,2023-02-08,Cust434,Female,43,Electronics,2,25,50,Low,2023,2,Wednesday
435,2023-12-20,Cust435,Female,30,Beauty,3,300,900,High,2023,12,Wednesday
436,2023-03-18,Cust436,Female,57,Clothing,4,30,120,Medium,2023,3,Saturday
437,2023-10-07,Cust437,Female,35,Electronics,4,300,1200,Premium,2023,10,Saturday
438,2023-01-19,Cust438,Female,42,Clothing,1,30,30,Low,2023,1,Thursday
439,2023-07-09,Cust439,Male,50,Clothing,3,25,75,Low,2023,7,Sunday
440,2023-10-26,Cust440,Male,64,Clothing,2,300,600,High,2023,10,Thursday
441,2023-10-10,Cust441,Male,57,Beauty,4,300,1200,Premium,2023,10,Tuesday
442,2023-03-17,Cust442,Female,60,Clothing,4,25,100,Low,2023,3,Friday
443,2023-08-09,Cust443,Male,29,Clothing,2,300,600,High,2023,8,Wednesday
444,2023-03-07,Cust444,Female,61,Clothing,3,30,90,Low,2023,3,Tuesday
445,2023-01-22,Cust445,Female,53,Electronics,1,300,300,Medium,2023,1,Sunday
446,2023-06-07,Cust446,Male,21,Electronics,1,50,50,Low,2023,6,Wednesday
447,2023-07-06,Cust447,Male,22,Beauty,4,500,2000,Premium,2023,7,Thursday
448,2023-01-21,Cust448,Female,54,Beauty,2,30,60,Low,2023,1,Saturday
449,2023-07-03,Cust449,Male,25,Electronics,4,50,200,Medium,2023,7,Monday
450,2023-04-18,Cust450,Female,59,Beauty,2,25,50,Low,2023,4,Tuesday
451,2023-12-16,Cust451,Female,45,Electronics,1,30,30,Low,2023,12,Saturday
452,2023-05-08,Cust452,Female,48,Clothing,3,500,1500,Premium,2023,5,Monday
453,2023-12-08,Cust453,Female,26,Clothing,2,500,1000,High,2023,12,Friday
454,2023-02-22,Cust454,Female,46,Beauty,1,25,25,Low,2023,2,Wednesday
455,2023-07-01,Cust455,Male,31,Electronics,4,25,100,Low,2023,7,Saturday
456,2023-10-14,Cust456,Male,57,Electronics,2,30,60,Low,2023,10,Saturday
457,2023-07-28,Cust457,Female,58,Beauty,3,300,900,High,2023,7,Friday
458,2023-11-14,Cust458,Female,39,Electronics,4,25,100,Low,2023,11,Tuesday
459,2023-03-21,Cust459,Male,28,Clothing,4,300,1200,Premium,2023,3,Tuesday
460,2023-05-02,Cust460,Male,40,Beauty,1,50,50,Low,2023,5,Tuesday
461,2023-03-25,Cust461,Female,18,Beauty,2,500,1000,High,2023,3,Saturday
462,2023-04-01,Cust462,Male,63,Electronics,4,300,1200,Premium,2023,4,Saturday
463,2023-07-31,Cust463,Female,54,Beauty,3,500,1500,Premium,2023,7,Monday
464,2023-01-13,Cust464,Male,38,Electronics,2,300,600,High,2023,1,Friday
465,2023-04-02,Cust465,Female,43,Electronics,3,50,150,Medium,2023,4,Sunday
466,2023-06-20,Cust466,Male,63,Electronics,4,25,100,Low,2023,6,Tuesday
467,2023-07-30,Cust467,Female,53,Electronics,3,50,150,Medium,2023,7,Sunday
468,2023-12-09,Cust468,Male,40,Electronics,1,25,25,Low,2023,12,Saturday
469,2023-05-08,Cust469,Male,18,Beauty,3,25,75,Low,2023,5,Monday
470,2023-05-17,Cust470,Female,57,Clothing,2,500,1000,High,2023,5,Wednesday
471,2023-03-23,Cust471,Male,32,Clothing,3,50,150,Medium,2023,3,Thursday
472,2023-12-26,Cust472,Female,38,Beauty,3,300,900,High,2023,12,Tuesday
473,2023-02-25,Cust473,Male,64,Beauty,1,50,50,Low,2023,2,Saturday
474,2023-07-15,Cust474,Female,26,Clothing,3,500,1500,Premium,2023,7,Saturday
475,2023-01-20,Cust475,Male,26,Clothing,3,25,75,Low,2023,1,Friday
476,2023-08-29,Cust476,Female,27,Clothing,4,500,2000,Premium,2023,8,Tuesday
477,2023-04-24,Cust477,Male,43,Clothing,4,30,120,Medium,2023,4,Monday
478,2023-04-13,Cust478,Female,58,Clothing,2,30,60,Low,2023,4,Thursday
479,2023-08-24,Cust479,Male,52,Electronics,4,300,1200,Premium,2023,8,Thursday
480,2023-06-29,Cust480,Female,42,Beauty,4,500,2000,Premium,2023,6,Thursday
481,2023-06-06,Cust481,Female,43,Electronics,4,300,1200,Premium,2023,6,Tuesday
482,2023-04-27,Cust482,Female,28,Clothing,4,300,1200,Premium,2023,4,Thursday
483,2023-04-25,Cust483,Male,55,Clothing,1,30,30,Low,2023,4,Tuesday
484,2023-01-13,Cust484,Female,19,Clothing,4,300,1200,Premium,2023,1,Friday
485,2023-12-04,Cust485,Male,24,Electronics,1,30,30,Low,2023,12,Monday
486,2023-04-09,Cust486,Female,35,Electronics,1,25,25,Low,2023,4,Sunday
487,2023-07-24,Cust487,Male,44,Clothing,4,500,2000,Premium,2023,7,Monday
488,2023-06-18,Cust488,Female,51,Electronics,3,300,900,High,2023,6,Sunday
489,2023-05-23,Cust489,Male,44,Electronics,1,30,30,Low,2023,5,Tuesday
490,2023-02-05,Cust490,Male,34,Clothing,3,50,150,Medium,2023,2,Sunday
491,2023-05-23,Cust491,Female,60,Electronics,3,300,900,High,2023,5,Tuesday
492,2023-06-29,Cust492,Male,61,Beauty,4,25,100,Low,2023,6,Thursday
493,2023-11-25,Cust493,Male,41,Beauty,2,25,50,Low,2023,11,Saturday
494,2023-09-18,Cust494,Female,42,Beauty,4,50,200,Medium,2023,9,Monday
495,2023-07-24,Cust495,Male,24,Beauty,2,30,60,Low,2023,7,Monday
496,2023-12-14,Cust496,Male,23,Clothing,2,300,600,High,2023,12,Thursday
497,2023-10-02,Cust497,Male,41,Clothing,4,30,120,Medium,2023,10,Monday
498,2023-06-19,Cust498,Female,50,Clothing,4,25,100,Low,2023,6,Monday
499,2023-01-15,Cust499,Male,46,Beauty,2,30,60,Low,2023,1,Sunday
500,2023-03-01,Cust500,Female,60,Beauty,4,25,100,Low,2023,3,Wednesday
501,2023-05-14,Cust501,Male,39,Electronics,2,30,60,Low,2023,5,Sunday
502,2023-04-02,Cust502,Male,43,Electronics,3,50,150,Medium,2023,4,Sunday
503,2023-10-25,Cust503,Male,45,Beauty,4,500,2000,Premium,2023,10,Wednesday
504,2023-05-16,Cust504,Female,38,Beauty,3,50,150,Medium,2023,5,Tuesday
505,2023-01-20,Cust505,Male,24,Beauty,1,50,50,Low,2023,1,Friday
506,2023-02-25,Cust506,Male,34,Beauty,3,500,1500,Premium,2023,2,Saturday
507,2023-11-02,Cust507,Female,37,Electronics,3,500,1500,Premium,2023,11,Thursday
508,2023-08-11,Cust508,Male,58,Beauty,2,300,600,High,2023,8,Friday
509,2023-06-26,Cust509,Female,37,Electronics,3,300,900,High,2023,6,Monday
510,2023-06-10,Cust510,Female,39,Beauty,4,50,200,Medium,2023,6,Saturday
511,2023-08-12,Cust511,Male,45,Beauty,2,50,100,Low,2023,8,Saturday
512,2023-11-07,Cust512,Female,57,Beauty,1,25,25,Low,2023,11,Tuesday
513,2023-09-19,Cust513,Male,24,Electronics,4,25,100,Low,2023,9,Tuesday
514,2023-03-01,Cust514,Female,18,Electronics,1,300,300,Medium,2023,3,Wednesday
515,2023-07-17,Cust515,Female,49,Clothing,3,300,900,High,2023,7,Monday
516,2023-10-23,Cust516,Male,30,Beauty,4,25,100,Low,2023,10,Monday
517,2023-04-08,Cust517,Female,47,Clothing,4,25,100,Low,2023,4,Saturday
518,2023-05-11,Cust518,Female,40,Clothing,1,30,30,Low,2023,5,Thursday
519,2023-01-23,Cust519,Female,36,Electronics,4,30,120,Medium,2023,1,Monday
520,2023-12-29,Cust520,Female,49,Electronics,4,25,100,Low,2023,12,Friday
521,2023-08-12,Cust521,Female,47,Clothing,4,30,120,Medium,2023,8,Saturday
522,2023-01-01,Cust522,Male,46,Beauty,3,500,1500,Premium,2023,1,Sunday
523,2023-09-24,Cust523,Female,62,Electronics,1,300,300,Medium,2023,9,Sunday
524,2023-10-03,Cust524,Male,46,Beauty,4,300,1200,Premium,2023,10,Tuesday
525,2023-12-18,Cust525,Female,47,Beauty,2,25,50,Low,2023,12,Monday
526,2023-12-10,Cust526,Male,33,Clothing,2,50,100,Low,2023,12,Sunday
527,2023-04-11,Cust527,Male,57,Clothing,2,25,50,Low,2023,4,Tuesday
528,2023-07-06,Cust528,Female,36,Clothing,2,30,60,Low,2023,7,Thursday
529,2023-08-09,Cust529,Female,35,Clothing,3,50,150,Medium,2023,8,Wednesday
530,2023-02-05,Cust530,Female,18,Electronics,4,30,120,Medium,2023,2,Sunday
531,2023-12-07,Cust531,Male,31,Electronics,1,500,500,Medium,2023,12,Thursday
532,2023-06-19,Cust532,Female,64,Clothing,4,30,120,Medium,2023,6,Monday
533,2023-11-16,Cust533,Male,19,Electronics,3,500,1500,Premium,2023,11,Thursday
534,2023-06-10,Cust534,Male,45,Clothing,2,500,1000,High,2023,6,Saturday
535,2023-12-06,Cust535,Male,47,Beauty,3,30,90,Low,2023,12,Wednesday
536,2023-03-05,Cust536,Female,55,Beauty,4,30,120,Medium,2023,3,Sunday
537,2023-06-03,Cust537,Female,21,Beauty,1,500,500,Medium,2023,6,Saturday
538,2023-09-17,Cust538,Male,18,Clothing,3,50,150,Medium,2023,9,Sunday
539,2023-06-08,Cust539,Male,25,Beauty,1,500,500,Medium,2023,6,Thursday
540,2023-12-08,Cust540,Female,46,Electronics,3,300,900,High,2023,12,Friday
541,2023-07-29,Cust541,Male,56,Beauty,1,500,500,Medium,2023,7,Saturday
542,2023-06-17,Cust542,Female,20,Beauty,1,50,50,Low,2023,6,Saturday
543,2023-07-26,Cust543,Male,49,Beauty,2,300,600,High,2023,7,Wednesday
544,2023-12-23,Cust544,Female,27,Electronics,1,25,25,Low,2023,12,Saturday
545,2023-06-01,Cust545,Male,27,Clothing,2,25,50,Low,2023,6,Thursday
546,2023-10-11,Cust546,Female,36,Electronics,4,50,200,Medium,2023,10,Wednesday
547,2023-03-07,Cust547,Male,63,Clothing,4,500,2000,Premium,2023,3,Tuesday
548,2023-04-09,Cust548,Female,51,Clothing,2,30,60,Low,2023,4,Sunday
549,2023-08-04,Cust549,Female,50,Beauty,2,50,100,Low,2023,8,Friday
550,2023-12-07,Cust550,Male,40,Clothing,3,300,900,High,2023,12,Thursday
551,2023-07-14,Cust551,Male,45,Electronics,3,300,900,High,2023,7,Friday
552,2023-12-13,Cust552,Female,49,Electronics,3,25,75,Low,2023,12,Wednesday
553,2023-03-31,Cust553,Male,24,Clothing,4,300,1200,Premium,2023,3,Friday
554,2023-11-12,Cust554,Female,46,Beauty,3,50,150,Medium,2023,11,Sunday
555,2023-10-19,Cust555,Male,25,Beauty,1,300,300,Medium,2023,10,Thursday
556,2023-06-04,Cust556,Female,18,Electronics,1,50,50,Low,2023,6,Sunday
557,2023-07-27,Cust557,Female,20,Beauty,3,30,90,Low,2023,7,Thursday
558,2023-10-08,Cust558,Female,41,Clothing,1,25,25,Low,2023,10,Sunday
559,2023-01-01,Cust559,Female,40,Clothing,4,300,1200,Premium,2023,1,Sunday
560,2023-06-05,Cust560,Female,25,Electronics,1,50,50,Low,2023,6,Monday
561,2023-05-27,Cust561,Female,64,Clothing,4,500,2000,Premium,2023,5,Saturday
562,2023-04-18,Cust562,Male,54,Electronics,2,25,50,Low,2023,4,Tuesday
563,2023-08-09,Cust563,Male,20,Clothing,2,30,60,Low,2023,8,Wednesday
564,2023-10-24,Cust564,Male,50,Electronics,2,50,100,Low,2023,10,Tuesday
565,2023-11-07,Cust565,Female,45,Beauty,2,30,60,Low,2023,11,Tuesday
566,2023-12-02,Cust566,Female,64,Clothing,1,30,30,Low,2023,12,Saturday
567,2023-06-14,Cust567,Female,25,Clothing,3,300,900,High,2023,6,Wednesday
568,2023-08-27,Cust568,Female,51,Electronics,1,300,300,Medium,2023,8,Sunday
569,2023-08-15,Cust569,Male,52,Electronics,4,50,200,Medium,2023,8,Tuesday
570,2023-08-15,Cust570,Male,49,Clothing,1,500,500,Medium,2023,8,Tuesday
571,2023-12-12,Cust571,Female,41,Electronics,1,50,50,Low,2023,12,Tuesday
572,2023-04-20,Cust572,Male,31,Clothing,4,500,2000,Premium,2023,4,Thursday
573,2023-09-19,Cust573,Male,49,Beauty,2,30,60,Low,2023,9,Tuesday
574,2023-08-31,Cust574,Female,63,Electronics,2,25,50,Low,2023,8,Thursday
575,2023-03-28,Cust575,Male,60,Clothing,2,50,100,Low,2023,3,Tuesday
576,2023-12-04,Cust576,Female,33,Beauty,3,50,150,Medium,2023,12,Monday
577,2023-02-13,Cust577,Male,21,Beauty,4,500,2000,Premium,2023,2,Monday
578,2023-05-26,Cust578,Female,54,Clothing,4,30,120,Medium,2023,5,Friday
579,2023-09-21,Cust579,Female,38,Electronics,1,30,30,Low,2023,9,Thursday
580,2023-12-06,Cust580,Female,31,Clothing,3,500,1500,Premium,2023,12,Wednesday
581,2023-11-21,Cust581,Female,48,Beauty,2,30,60,Low,2023,11,Tuesday
582,2023-11-14,Cust582,Male,35,Clothing,3,300,900,High,2023,11,Tuesday
583,2023-06-21,Cust583,Female,24,Electronics,4,25,100,Low,2023,6,Wednesday
584,2023-02-17,Cust584,Female,27,Beauty,4,50,200,Medium,2023,2,Friday
585,2023-05-01,Cust585,Female,24,Clothing,1,25,25,Low,2023,5,Monday
586,2023-12-11,Cust586,Male,50,Electronics,1,50,50,Low,2023,12,Monday
587,2023-06-08,Cust587,Female,40,Beauty,4,300,1200,Premium,2023,6,Thursday
588,2023-04-26,Cust588,Male,38,Electronics,2,30,60,Low,2023,4,Wednesday
589,2023-04-12,Cust589,Female,36,Beauty,2,500,1000,High,2023,4,Wednesday
590,2023-03-17,Cust590,Male,36,Clothing,3,300,900,High,2023,3,Friday
591,2023-01-13,Cust591,Male,53,Electronics,4,25,100,Low,2023,1,Friday
592,2023-01-24,Cust592,Female,46,Beauty,4,500,2000,Premium,2023,1,Tuesday
593,2023-05-06,Cust593,Male,35,Electronics,2,30,60,Low,2023,5,Saturday
594,2023-09-01,Cust594,Female,19,Electronics,2,300,600,High,2023,9,Friday
595,2023-11-09,Cust595,Female,18,Clothing,4,500,2000,Premium,2023,11,Thursday
596,2023-02-07,Cust596,Female,64,Electronics,1,300,300,Medium,2023,2,Tuesday
597,2023-08-22,Cust597,Male,22,Beauty,4,300,1200,Premium,2023,8,Tuesday
598,2023-08-01,Cust598,Male,37,Beauty,4,30,120,Medium,2023,8,Tuesday
599,2023-11-19,Cust599,Female,28,Beauty,2,50,100,Low,2023,11,Sunday
600,2023-10-22,Cust600,Female,59,Beauty,2,500,1000,High,2023,10,Sunday
601,2023-04-10,Cust601,Male,19,Clothing,1,30,30,Low,2023,4,Monday
602,2023-12-23,Cust602,Female,20,Electronics,1,300,300,Medium,2023,12,Saturday
603,2023-07-16,Cust603,Female,40,Clothing,3,30,90,Low,2023,7,Sunday
604,2023-09-11,Cust604,Female,29,Electronics,4,50,200,Medium,2023,9,Monday
605,2023-07-24,Cust605,Male,37,Electronics,2,500,1000,High,2023,7,Monday
606,2023-05-05,Cust606,Male,22,Electronics,1,50,50,Low,2023,5,Friday
607,2023-03-17,Cust607,Male,54,Clothing,3,25,75,Low,2023,3,Friday
608,2023-12-02,Cust608,Female,55,Electronics,3,500,1500,Premium,2023,12,Saturday
609,2023-12-19,Cust609,Female,47,Clothing,2,50,100,Low,2023,12,Tuesday
610,2023-01-03,Cust610,Female,26,Beauty,2,300,600,High,2023,1,Tuesday
611,2023-02-24,Cust611,Male,51,Beauty,3,500,1500,Premium,2023,2,Friday
612,2023-08-06,Cust612,Female,61,Electronics,1,500,500,Medium,2023,8,Sunday
613,2023-04-23,Cust613,Female,52,Clothing,3,30,90,Low,2023,4,Sunday
614,2023-04-01,Cust614,Female,39,Beauty,4,300,1200,Premium,2023,4,Saturday
615,2023-12-23,Cust615,Female,61,Clothing,4,25,100,Low,2023,12,Saturday
616,2023-09-23,Cust616,Male,41,Clothing,2,50,100,Low,2023,9,Saturday
617,2023-08-26,Cust617,Male,34,Electronics,1,30,30,Low,2023,8,Saturday
618,2023-01-26,Cust618,Female,27,Beauty,1,50,50,Low,2023,1,Thursday
619,2023-10-13,Cust619,Male,47,Electronics,4,25,100,Low,2023,10,Friday
620,2023-05-08,Cust620,Male,63,Electronics,3,25,75,Low,2023,5,Monday
621,2023-03-04,Cust621,Female,40,Beauty,2,500,1000,High,2023,3,Saturday
622,2023-08-22,Cust622,Female,49,Beauty,3,25,75,Low,2023,8,Tuesday
623,2023-03-10,Cust623,Male,34,Clothing,3,50,150,Medium,2023,3,Friday
624,2023-08-26,Cust624,Female,34,Beauty,3,300,900,High,2023,8,Saturday
625,2023-12-08,Cust625,Male,31,Clothing,1,300,300,Medium,2023,12,Friday
626,2023-09-29,Cust626,Female,26,Clothing,4,500,2000,Premium,2023,9,Friday
627,2023-10-14,Cust627,Male,57,Clothing,1,50,50,Low,2023,10,Saturday
628,2023-11-01,Cust628,Female,19,Beauty,4,50,200,Medium,2023,11,Wednesday
629,2023-06-12,Cust629,Male,62,Electronics,2,25,50,Low,2023,6,Monday
630,2023-08-15,Cust630,Male,42,Clothing,2,50,100,Low,2023,8,Tuesday
631,2023-11-10,Cust631,Male,56,Electronics,3,30,90,Low,2023,11,Friday
632,2023-09-16,Cust632,Female,26,Electronics,4,25,100,Low,2023,9,Saturday
633,2023-08-07,Cust633,Male,39,Beauty,4,30,120,Medium,2023,8,Monday
634,2023-10-08,Cust634,Male,60,Electronics,4,500,2000,Premium,2023,10,Sunday
635,2023-08-17,Cust635,Female,63,Electronics,3,300,900,High,2023,8,Thursday
636,2023-03-23,Cust636,Female,21,Beauty,3,500,1500,Premium,2023,3,Thursday
637,2023-09-01,Cust637,Male,43,Clothing,2,300,600,High,2023,9,Friday
638,2023-08-19,Cust638,Male,46,Electronics,1,500,500,Medium,2023,8,Saturday
639,2023-05-13,Cust639,Female,62,Beauty,4,50,200,Medium,2023,5,Saturday
640,2023-05-07,Cust640,Female,51,Electronics,4,30,120,Medium,2023,5,Sunday
641,2023-11-23,Cust641,Female,40,Electronics,1,300,300,Medium,2023,11,Thursday
642,2023-05-22,Cust642,Female,54,Clothing,4,25,100,Low,2023,5,Monday
643,2023-09-24,Cust643,Female,28,Electronics,3,30,90,Low,2023,9,Sunday
644,2023-09-06,Cust644,Male,23,Beauty,3,25,75,Low,2023,9,Wednesday
645,2023-11-17,Cust645,Female,35,Electronics,4,30,120,Medium,2023,11,Friday
646,2023-05-03,Cust646,Male,38,Clothing,3,30,90,Low,2023,5,Wednesday
647,2023-05-21,Cust647,Male,59,Clothing,3,500,1500,Premium,2023,5,Sunday
648,2023-08-14,Cust648,Male,53,Beauty,4,300,1200,Premium,2023,8,Monday
649,2023-02-09,Cust649,Female,58,Clothing,2,300,600,High,2023,2,Thursday
650,2024-01-01,Cust650,Male,55,Electronics,1,30,30,Low,2024,1,Monday
651,2023-05-27,Cust651,Male,51,Clothing,3,50,150,Medium,2023,5,Saturday
652,2023-05-01,Cust652,Female,34,Beauty,2,50,100,Low,2023,5,Monday
653,2023-05-20,Cust653,Male,54,Clothing,3,25,75,Low,2023,5,Saturday
654,2023-06-21,Cust654,Male,42,Clothing,3,25,75,Low,2023,6,Wednesday
655,2023-06-13,Cust655,Female,55,Clothing,1,500,500,Medium,2023,6,Tuesday
656,2023-10-04,Cust656,Male,29,Beauty,3,30,90,Low,2023,10,Wednesday
657,2023-02-11,Cust657,Male,40,Clothing,1,25,25,Low,2023,2,Saturday
658,2023-03-12,Cust658,Male,59,Clothing,1,25,25,Low,2023,3,Sunday
659,2023-03-19,Cust659,Female,39,Electronics,1,30,30,Low,2023,3,Sunday
660,2023-04-29,Cust660,Female,38,Beauty,2,500,1000,High,2023,4,Saturday
661,2023-07-16,Cust661,Female,44,Clothing,4,25,100,Low,2023,7,Sunday
662,2023-12-22,Cust662,Male,48,Beauty,2,500,1000,High,2023,12,Friday
663,2023-03-20,Cust663,Male,23,Clothing,4,300,1200,Premium,2023,3,Monday
664,2023-12-28,Cust664,Female,44,Clothing,4,500,2000,Premium,2023,12,Thursday
665,2023-04-20,Cust665,Male,57,Clothing,1,50,50,Low,2023,4,Thursday
666,2023-02-02,Cust666,Male,51,Electronics,3,50,150,Medium,2023,2,Thursday
667,2023-08-01,Cust667,Female,29,Electronics,1,500,500,Medium,2023,8,Tuesday
668,2023-07-28,Cust668,Female,62,Electronics,3,50,150,Medium,2023,7,Friday
669,2023-06-19,Cust669,Male,24,Beauty,4,300,1200,Premium,2023,6,Monday
670,2023-10-05,Cust670,Male,27,Beauty,1,30,30,Low,2023,10,Thursday
671,2023-08-27,Cust671,Male,62,Electronics,3,50,150,Medium,2023,8,Sunday
672,2023-08-01,Cust672,Female,34,Beauty,2,50,100,Low,2023,8,Tuesday
673,2023-02-01,Cust673,Female,43,Clothing,3,500,1500,Premium,2023,2,Wednesday
674,2023-04-16,Cust674,Female,38,Clothing,1,300,300,Medium,2023,4,Sunday
675,2023-08-04,Cust675,Female,45,Clothing,2,30,60,Low,2023,8,Friday
676,2023-07-19,Cust676,Male,63,Electronics,3,500,1500,Premium,2023,7,Wednesday
677,2023-10-27,Cust677,Female,19,Beauty,3,500,1500,Premium,2023,10,Friday
678,2023-12-23,Cust678,Female,60,Electronics,3,300,900,High,2023,12,Saturday
679,2023-01-11,Cust679,Female,18,Beauty,3,30,90,Low,2023,1,Wednesday
680,2023-10-22,Cust680,Female,53,Clothing,3,300,900,High,2023,10,Sunday
681,2023-07-14,Cust681,Female,43,Electronics,2,30,60,Low,2023,7,Friday
682,2023-09-02,Cust682,Male,46,Beauty,4,300,1200,Premium,2023,9,Saturday
683,2023-01-04,Cust683,Male,38,Beauty,2,500,1000,High,2023,1,Wednesday
684,2023-06-30,Cust684,Female,28,Clothing,2,500,1000,High,2023,6,Friday
685,2023-06-02,Cust685,Male,57,Electronics,2,25,50,Low,2023,6,Friday
686,2023-07-19,Cust686,Female,28,Electronics,4,50,200,Medium,2023,7,Wednesday
687,2023-08-03,Cust687,Female,53,Electronics,1,300,300,Medium,2023,8,Thursday
688,2023-10-03,Cust688,Male,56,Clothing,4,25,100,Low,2023,10,Tuesday
689,2023-10-07,Cust689,Male,57,Electronics,2,50,100,Low,2023,10,Saturday
690,2023-11-05,Cust690,Female,52,Clothing,3,300,900,High,2023,11,Sunday
691,2023-04-23,Cust691,Female,51,Clothing,3,30,90,Low,2023,4,Sunday
692,2023-09-07,Cust692,Female,64,Clothing,2,50,100,Low,2023,9,Thursday
693,2023-04-23,Cust693,Male,41,Beauty,3,500,1500,Premium,2023,4,Sunday
694,2023-05-20,Cust694,Female,39,Electronics,2,25,50,Low,2023,5,Saturday
695,2023-08-12,Cust695,Female,22,Electronics,3,50,150,Medium,2023,8,Saturday
696,2023-09-06,Cust696,Female,50,Clothing,4,50,200,Medium,2023,9,Wednesday
697,2023-01-15,Cust697,Male,53,Clothing,1,500,500,Medium,2023,1,Sunday
698,2023-07-19,Cust698,Female,64,Electronics,1,300,300,Medium,2023,7,Wednesday
699,2023-06-22,Cust699,Female,37,Clothing,4,30,120,Medium,2023,6,Thursday
700,2023-12-09,Cust700,Male,36,Electronics,4,500,2000,Premium,2023,12,Saturday
701,2023-12-14,Cust701,Female,52,Beauty,2,30,60,Low,2023,12,Thursday
702,2023-07-27,Cust702,Female,60,Clothing,2,300,600,High,2023,7,Thursday
703,2023-03-26,Cust703,Male,34,Electronics,2,50,100,Low,2023,3,Sunday
704,2023-08-28,Cust704,Female,62,Clothing,3,30,90,Low,2023,8,Monday
705,2023-03-07,Cust705,Male,60,Electronics,2,25,50,Low,2023,3,Tuesday
706,2023-11-15,Cust706,Male,51,Electronics,4,25,100,Low,2023,11,Wednesday
707,2023-10-01,Cust707,Female,26,Clothing,1,500,500,Medium,2023,10,Sunday
708,2023-01-14,Cust708,Female,43,Beauty,3,300,900,High,2023,1,Saturday
709,2023-07-21,Cust709,Female,19,Electronics,2,500,1000,High,2023,7,Friday
710,2023-10-31,Cust710,Female,26,Electronics,3,500,1500,Premium,2023,10,Tuesday
711,2023-10-16,Cust711,Male,26,Electronics,3,500,1500,Premium,2023,10,Monday
712,2023-12-06,Cust712,Female,57,Beauty,2,25,50,Low,2023,12,Wednesday
713,2023-01-14,Cust713,Male,34,Beauty,3,25,75,Low,2023,1,Saturday
714,2023-02-12,Cust714,Female,18,Clothing,1,500,500,Medium,2023,2,Sunday
715,2023-11-26,Cust715,Female,42,Beauty,4,25,100,Low,2023,11,Sunday
716,2023-08-08,Cust716,Female,60,Clothing,4,300,1200,Premium,2023,8,Tuesday
717,2023-03-11,Cust717,Male,57,Clothing,1,500,500,Medium,2023,3,Saturday
718,2023-08-25,Cust718,Female,59,Beauty,3,25,75,Low,2023,8,Friday
719,2023-04-04,Cust719,Female,42,Clothing,2,30,60,Low,2023,4,Tuesday
720,2023-01-26,Cust720,Female,56,Beauty,3,500,1500,Premium,2023,1,Thursday
721,2023-05-14,Cust721,Female,52,Clothing,1,500,500,Medium,2023,5,Sunday
722,2023-07-14,Cust722,Male,20,Beauty,3,300,900,High,2023,7,Friday
723,2023-06-17,Cust723,Female,54,Beauty,4,50,200,Medium,2023,6,Saturday
724,2023-04-19,Cust724,Male,61,Clothing,3,50,150,Medium,2023,4,Wednesday
725,2023-08-21,Cust725,Male,61,Electronics,1,300,300,Medium,2023,8,Monday
726,2023-06-17,Cust726,Male,47,Clothing,4,300,1200,Premium,2023,6,Saturday
727,2023-06-22,Cust727,Male,55,Beauty,3,300,900,High,2023,6,Thursday
728,2023-07-14,Cust728,Male,51,Electronics,3,50,150,Medium,2023,7,Friday
729,2023-05-23,Cust729,Male,29,Clothing,4,300,1200,Premium,2023,5,Tuesday
730,2023-08-04,Cust730,Female,36,Clothing,2,25,50,Low,2023,8,Friday
731,2023-05-10,Cust731,Male,54,Clothing,4,500,2000,Premium,2023,5,Wednesday
732,2023-02-11,Cust732,Male,61,Electronics,2,500,1000,High,2023,2,Saturday
733,2023-08-29,Cust733,Male,34,Beauty,1,30,30,Low,2023,8,Tuesday
734,2023-01-10,Cust734,Female,27,Clothing,1,30,30,Low,2023,1,Tuesday
735,2023-10-04,Cust735,Female,64,Clothing,4,500,2000,Premium,2023,10,Wednesday
736,2023-01-27,Cust736,Male,29,Clothing,4,25,100,Low,2023,1,Friday
737,2023-06-29,Cust737,Female,33,Clothing,1,50,50,Low,2023,6,Thursday
738,2023-04-25,Cust738,Male,41,Clothing,2,50,100,Low,2023,4,Tuesday
739,2023-11-29,Cust739,Male,36,Beauty,1,25,25,Low,2023,11,Wednesday
740,2023-02-05,Cust740,Female,25,Beauty,4,50,200,Medium,2023,2,Sunday
741,2023-11-30,Cust741,Male,48,Clothing,1,300,300,Medium,2023,11,Thursday
742,2023-01-21,Cust742,Female,38,Electronics,4,500,2000,Premium,2023,1,Saturday
743,2023-01-16,Cust743,Female,34,Beauty,4,500,2000,Premium,2023,1,Monday
744,2023-05-07,Cust744,Male,40,Electronics,1,25,25,Low,2023,5,Sunday
745,2023-04-13,Cust745,Male,54,Beauty,2,50,100,Low,2023,4,Thursday
746,2023-01-11,Cust746,Female,33,Clothing,3,30,90,Low,2023,1,Wednesday
747,2023-11-15,Cust747,Male,23,Beauty,1,30,30,Low,2023,11,Wednesday
748,2023-03-20,Cust748,Male,25,Clothing,3,50,150,Medium,2023,3,Monday
749,2023-05-03,Cust749,Male,42,Beauty,1,30,30,Low,2023,5,Wednesday
750,2023-03-06,Cust750,Female,35,Clothing,3,25,75,Low,2023,3,Monday
751,2023-08-31,Cust751,Female,42,Clothing,2,25,50,Low,2023,8,Thursday
752,2023-12-09,Cust752,Male,29,Clothing,2,50,100,Low,2023,12,Saturday
753,2023-02-28,Cust753,Female,32,Clothing,1,30,30,Low,2023,2,Tuesday
754,2023-10-16,Cust754,Female,43,Electronics,4,25,100,Low,2023,10,Monday
755,2023-04-22,Cust755,Female,58,Clothing,3,25,75,Low,2023,4,Saturday
756,2023-08-27,Cust756,Female,62,Electronics,4,300,1200,Premium,2023,8,Sunday
757,2023-12-25,Cust757,Female,43,Electronics,4,300,1200,Premium,2023,12,Monday
758,2023-05-12,Cust758,Male,64,Clothing,4,25,100,Low,2023,5,Friday
759,2023-07-08,Cust759,Male,49,Electronics,2,50,100,Low,2023,7,Saturday
760,2023-03-27,Cust760,Male,27,Beauty,1,500,500,Medium,2023,3,Monday
761,2023-11-07,Cust761,Female,33,Clothing,1,500,500,Medium,2023,11,Tuesday
762,2023-11-07,Cust762,Female,24,Electronics,2,25,50,Low,2023,11,Tuesday
763,2023-02-28,Cust763,Male,34,Clothing,2,25,50,Low,2023,2,Tuesday
764,2023-03-25,Cust764,Female,40,Clothing,1,25,25,Low,2023,3,Saturday
765,2023-06-09,Cust765,Male,43,Clothing,4,50,200,Medium,2023,6,Friday
766,2023-02-25,Cust766,Male,38,Electronics,3,300,900,High,2023,2,Saturday
767,2023-10-24,Cust767,Male,39,Beauty,3,25,75,Low,2023,10,Tuesday
768,2023-01-14,Cust768,Female,24,Beauty,3,25,75,Low,2023,1,Saturday
769,2023-06-09,Cust769,Female,31,Electronics,4,30,120,Medium,2023,6,Friday
770,2023-10-22,Cust770,Male,32,Clothing,1,50,50,Low,2023,10,Sunday
771,2023-12-13,Cust771,Male,24,Electronics,2,25,50,Low,2023,12,Wednesday
772,2023-07-12,Cust772,Male,26,Electronics,1,30,30,Low,2023,7,Wednesday
773,2023-07-23,Cust773,Male,25,Electronics,4,500,2000,Premium,2023,7,Sunday
774,2023-04-12,Cust774,Female,40,Clothing,2,25,50,Low,2023,4,Wednesday
775,2023-02-08,Cust775,Female,46,Electronics,4,25,100,Low,2023,2,Wednesday
776,2023-10-31,Cust776,Male,35,Clothing,3,30,90,Low,2023,10,Tuesday
777,2023-12-20,Cust777,Male,48,Electronics,3,50,150,Medium,2023,12,Wednesday
778,2023-11-18,Cust778,Female,47,Beauty,4,25,100,Low,2023,11,Saturday
779,2023-05-05,Cust779,Female,56,Electronics,2,500,1000,High,2023,5,Friday
780,2023-02-22,Cust780,Male,52,Electronics,2,25,50,Low,2023,2,Wednesday
781,2023-12-23,Cust781,Male,35,Beauty,1,500,500,Medium,2023,12,Saturday
782,2023-06-04,Cust782,Male,59,Clothing,3,300,900,High,2023,6,Sunday
783,2023-12-17,Cust783,Female,56,Clothing,1,300,300,Medium,2023,12,Sunday
784,2023-11-04,Cust784,Female,34,Electronics,1,500,500,Medium,2023,11,Saturday
785,2023-03-03,Cust785,Female,31,Beauty,4,50,200,Medium,2023,3,Friday
786,2023-10-17,Cust786,Male,48,Clothing,4,25,100,Low,2023,10,Tuesday
787,2023-01-22,Cust787,Male,41,Electronics,1,25,25,Low,2023,1,Sunday
788,2023-06-27,Cust788,Female,52,Beauty,3,300,900,High,2023,6,Tuesday
789,2023-09-30,Cust789,Female,61,Clothing,4,500,2000,Premium,2023,9,Saturday
790,2023-08-08,Cust790,Male,62,Clothing,1,25,25,Low,2023,8,Tuesday
791,2023-12-05,Cust791,Female,51,Beauty,1,25,25,Low,2023,12,Tuesday
792,2023-07-09,Cust792,Female,20,Beauty,1,50,50,Low,2023,7,Sunday
793,2023-02-05,Cust793,Male,54,Beauty,1,30,30,Low,2023,2,Sunday
794,2023-09-17,Cust794,Female,60,Beauty,1,300,300,Medium,2023,9,Sunday
795,2023-11-28,Cust795,Male,57,Electronics,1,300,300,Medium,2023,11,Tuesday
796,2023-06-24,Cust796,Male,43,Beauty,4,30,120,Medium,2023,6,Saturday
797,2023-01-07,Cust797,Male,40,Clothing,3,25,75,Low,2023,1,Saturday
798,2023-08-04,Cust798,Male,61,Clothing,1,50,50,Low,2023,8,Friday
799,2023-09-08,Cust799,Male,56,Electronics,2,50,100,Low,2023,9,Friday
800,2023-02-24,Cust800,Male,32,Clothing,4,300,1200,Premium,2023,2,Friday
801,2023-08-10,Cust801,Male,21,Clothing,4,50,200,Medium,2023,8,Thursday
802,2023-07-05,Cust802,Female,46,Beauty,1,30,30,Low,2023,7,Wednesday
803,2023-11-22,Cust803,Male,39,Clothing,4,25,100,Low,2023,11,Wednesday
804,2023-08-24,Cust804,Male,42,Electronics,1,30,30,Low,2023,8,Thursday
805,2023-12-29,Cust805,Female,30,Beauty,3,500,1500,Premium,2023,12,Friday
806,2023-03-20,Cust806,Female,35,Beauty,3,300,900,High,2023,3,Monday
807,2023-08-11,Cust807,Female,50,Electronics,4,50,200,Medium,2023,8,Friday
808,2023-04-01,Cust808,Male,33,Beauty,4,500,2000,Premium,2023,4,Saturday
809,2023-09-25,Cust809,Female,62,Beauty,2,50,100,Low,2023,9,Monday
810,2023-11-30,Cust810,Male,59,Electronics,4,25,100,Low,2023,11,Thursday
811,2023-05-19,Cust811,Male,61,Beauty,2,25,50,Low,2023,5,Friday
812,2023-11-12,Cust812,Male,19,Electronics,3,25,75,Low,2023,11,Sunday
813,2023-10-03,Cust813,Male,52,Electronics,3,50,150,Medium,2023,10,Tuesday
814,2023-09-05,Cust814,Female,59,Clothing,1,500,500,Medium,2023,9,Tuesday
815,2023-08-27,Cust815,Female,51,Clothing,3,25,75,Low,2023,8,Sunday
816,2023-08-12,Cust816,Male,47,Beauty,2,500,1000,High,2023,8,Saturday
817,2023-10-31,Cust817,Male,30,Beauty,4,50,200,Medium,2023,10,Tuesday
818,2023-05-18,Cust818,Male,30,Electronics,1,500,500,Medium,2023,5,Thursday
819,2023-06-15,Cust819,Female,35,Beauty,2,50,100,Low,2023,6,Thursday
820,2023-05-06,Cust820,Male,49,Electronics,4,50,200,Medium,2023,5,Saturday
821,2023-02-14,Cust821,Male,49,Electronics,1,300,300,Medium,2023,2,Tuesday
822,2023-05-23,Cust822,Female,52,Beauty,3,50,150,Medium,2023,5,Tuesday
823,2023-08-19,Cust823,Female,56,Electronics,2,50,100,Low,2023,8,Saturday
824,2023-05-05,Cust824,Male,63,Clothing,4,30,120,Medium,2023,5,Friday
825,2023-08-26,Cust825,Female,46,Beauty,1,25,25,Low,2023,8,Saturday
826,2023-10-19,Cust826,Female,46,Clothing,1,300,300,Medium,2023,10,Thursday
827,2023-11-09,Cust827,Male,61,Beauty,3,300,900,High,2023,11,Thursday
828,2023-12-09,Cust828,Female,33,Electronics,4,300,1200,Premium,2023,12,Saturday
829,2023-07-14,Cust829,Male,61,Beauty,3,30,90,Low,2023,7,Friday
830,2023-06-22,Cust830,Female,64,Clothing,3,50,150,Medium,2023,6,Thursday
831,2023-01-15,Cust831,Male,27,Electronics,4,25,100,Low,2023,1,Sunday
832,2023-09-11,Cust832,Male,47,Beauty,4,500,2000,Premium,2023,9,Monday
833,2023-06-16,Cust833,Male,42,Beauty,4,50,200,Medium,2023,6,Friday
834,2023-04-04,Cust834,Female,56,Beauty,2,30,60,Low,2023,4,Tuesday
835,2023-09-07,Cust835,Male,37,Clothing,4,50,200,Medium,2023,9,Thursday
836,2023-04-19,Cust836,Female,22,Clothing,1,50,50,Low,2023,4,Wednesday
837,2023-07-01,Cust837,Male,18,Beauty,3,30,90,Low,2023,7,Saturday
838,2023-05-13,Cust838,Male,47,Electronics,2,300,600,High,2023,5,Saturday
839,2023-06-24,Cust839,Female,20,Electronics,4,300,1200,Premium,2023,6,Saturday
840,2023-05-24,Cust840,Male,62,Clothing,2,25,50,Low,2023,5,Wednesday
841,2023-11-02,Cust841,Male,31,Electronics,4,25,100,Low,2023,11,Thursday
842,2023-12-26,Cust842,Female,47,Clothing,2,300,600,High,2023,12,Tuesday
843,2023-05-22,Cust843,Male,21,Beauty,3,500,1500,Premium,2023,5,Monday
844,2023-10-12,Cust844,Male,35,Clothing,3,50,150,Medium,2023,10,Thursday
845,2023-01-06,Cust845,Male,54,Clothing,1,500,500,Medium,2023,1,Friday
846,2023-09-22,Cust846,Male,42,Beauty,1,50,50,Low,2023,9,Friday
847,2023-04-08,Cust847,Female,18,Electronics,4,300,1200,Premium,2023,4,Saturday
848,2023-02-13,Cust848,Female,63,Clothing,3,25,75,Low,2023,2,Monday
849,2023-05-04,Cust849,Male,32,Clothing,2,25,50,Low,2023,5,Thursday
850,2023-07-28,Cust850,Female,26,Beauty,2,500,1000,High,2023,7,Friday
851,2023-09-08,Cust851,Male,32,Electronics,2,25,50,Low,2023,9,Friday
852,2023-10-12,Cust852,Female,41,Clothing,1,300,300,Medium,2023,10,Thursday
853,2023-05-04,Cust853,Male,21,Beauty,2,500,1000,High,2023,5,Thursday
854,2023-12-20,Cust854,Male,29,Clothing,1,50,50,Low,2023,12,Wednesday
855,2023-09-01,Cust855,Male,54,Beauty,1,25,25,Low,2023,9,Friday
856,2023-11-27,Cust856,Male,54,Electronics,4,30,120,Medium,2023,11,Monday
857,2023-12-31,Cust857,Male,60,Electronics,2,25,50,Low,2023,12,Sunday
858,2023-09-09,Cust858,Male,23,Electronics,2,50,100,Low,2023,9,Saturday
859,2023-08-18,Cust859,Female,56,Electronics,3,500,1500,Premium,2023,8,Friday
860,2023-01-09,Cust860,Male,63,Clothing,4,50,200,Medium,2023,1,Monday
861,2023-02-17,Cust861,Female,41,Clothing,3,30,90,Low,2023,2,Friday
862,2023-05-31,Cust862,Male,28,Electronics,4,300,1200,Premium,2023,5,Wednesday
863,2023-04-24,Cust863,Female,30,Electronics,2,25,50,Low,2023,4,Monday
864,2023-07-27,Cust864,Female,51,Electronics,1,500,500,Medium,2023,7,Thursday
865,2023-12-21,Cust865,Female,42,Clothing,1,300,300,Medium,2023,12,Thursday
866,2023-05-05,Cust866,Male,24,Electronics,1,50,50,Low,2023,5,Friday
867,2023-06-06,Cust867,Male,21,Electronics,1,500,500,Medium,2023,6,Tuesday
868,2023-12-06,Cust868,Female,25,Electronics,1,300,300,Medium,2023,12,Wednesday
869,2023-10-25,Cust869,Male,37,Beauty,3,500,1500,Premium,2023,10,Wednesday
870,2023-07-08,Cust870,Female,46,Electronics,4,30,120,Medium,2023,7,Saturday
871,2023-08-31,Cust871,Male,62,Beauty,2,30,60,Low,2023,8,Thursday
872,2023-10-11,Cust872,Female,63,Beauty,3,25,75,Low,2023,10,Wednesday
873,2023-09-29,Cust873,Female,27,Electronics,4,25,100,Low,2023,9,Friday
874,2023-06-26,Cust874,Male,60,Beauty,1,30,30,Low,2023,6,Monday
875,2023-08-06,Cust875,Female,51,Electronics,4,500,2000,Premium,2023,8,Sunday
876,2023-10-09,Cust876,Male,43,Clothing,4,30,120,Medium,2023,10,Monday
877,2023-06-19,Cust877,Female,58,Clothing,1,25,25,Low,2023,6,Monday
878,2023-06-30,Cust878,Female,20,Clothing,1,30,30,Low,2023,6,Friday
879,2023-12-26,Cust879,Male,23,Clothing,1,30,30,Low,2023,12,Tuesday
880,2023-08-21,Cust880,Male,22,Beauty,2,500,1000,High,2023,8,Monday
881,2023-05-19,Cust881,Male,22,Electronics,1,300,300,Medium,2023,5,Friday
882,2023-06-06,Cust882,Female,64,Electronics,2,25,50,Low,2023,6,Tuesday
883,2023-05-09,Cust883,Male,40,Electronics,1,500,500,Medium,2023,5,Tuesday
884,2023-04-29,Cust884,Female,26,Clothing,2,30,60,Low,2023,4,Saturday
885,2023-03-03,Cust885,Female,52,Clothing,4,30,120,Medium,2023,3,Friday
886,2023-04-09,Cust886,Male,37,Electronics,3,300,900,High,2023,4,Sunday
887,2023-06-11,Cust887,Male,59,Clothing,4,25,100,Low,2023,6,Sunday
888,2023-03-03,Cust888,Female,52,Electronics,4,25,100,Low,2023,3,Friday
889,2023-10-02,Cust889,Female,35,Electronics,1,50,50,Low,2023,10,Monday
890,2023-12-20,Cust890,Male,34,Electronics,2,25,50,Low,2023,12,Wednesday
891,2023-04-05,Cust891,Male,41,Electronics,3,300,900,High,2023,4,Wednesday
892,2023-04-09,Cust892,Male,20,Electronics,1,50,50,Low,2023,4,Sunday
893,2023-04-21,Cust893,Male,49,Electronics,1,50,50,Low,2023,4,Friday
894,2023-09-05,Cust894,Male,52,Electronics,1,30,30,Low,2023,9,Tuesday
895,2023-05-22,Cust895,Female,55,Clothing,4,30,120,Medium,2023,5,Monday
896,2023-10-29,Cust896,Female,30,Electronics,2,25,50,Low,2023,10,Sunday
897,2023-09-26,Cust897,Female,64,Electronics,2,50,100,Low,2023,9,Tuesday
898,2023-11-02,Cust898,Female,42,Clothing,3,30,90,Low,2023,11,Thursday
899,2023-05-25,Cust899,Male,26,Clothing,2,300,600,High,2023,5,Thursday
900,2023-02-21,Cust900,Male,21,Clothing,2,30,60,Low,2023,2,Tuesday
901,2023-04-10,Cust901,Male,31,Electronics,1,30,30,Low,2023,4,Monday
902,2023-06-01,Cust902,Female,54,Beauty,1,50,50,Low,2023,6,Thursday
903,2023-04-27,Cust903,Female,51,Beauty,4,50,200,Medium,2023,4,Thursday
904,2023-07-04,Cust904,Male,28,Clothing,1,500,500,Medium,2023,7,Tuesday
905,2023-04-02,Cust905,Male,58,Beauty,1,300,300,Medium,2023,4,Sunday
906,2023-06-04,Cust906,Female,20,Clothing,1,50,50,Low,2023,6,Sunday
907,2023-01-08,Cust907,Female,45,Electronics,1,25,25,Low,2023,1,Sunday
908,2023-12-29,Cust908,Male,46,Beauty,4,300,1200,Premium,2023,12,Friday
909,2023-10-01,Cust909,Male,26,Electronics,1,300,300,Medium,2023,10,Sunday
910,2023-03-06,Cust910,Female,20,Beauty,3,50,150,Medium,2023,3,Monday
911,2023-05-21,Cust911,Male,42,Electronics,3,300,900,High,2023,5,Sunday
912,2023-01-24,Cust912,Male,51,Beauty,3,50,150,Medium,2023,1,Tuesday
913,2023-01-28,Cust913,Male,29,Electronics,3,30,90,Low,2023,1,Saturday
914,2023-10-11,Cust914,Female,59,Electronics,1,500,500,Medium,2023,10,Wednesday
915,2023-05-30,Cust915,Female,26,Beauty,3,30,90,Low,2023,5,Tuesday
916,2023-12-24,Cust916,Female,32,Electronics,1,50,50,Low,2023,12,Sunday
917,2023-03-06,Cust917,Female,57,Electronics,4,50,200,Medium,2023,3,Monday
918,2023-11-23,Cust918,Female,42,Electronics,3,30,90,Low,2023,11,Thursday
919,2023-09-09,Cust919,Female,22,Beauty,2,25,50,Low,2023,9,Saturday
920,2023-02-22,Cust920,Female,28,Beauty,3,25,75,Low,2023,2,Wednesday
921,2023-01-07,Cust921,Male,51,Electronics,3,25,75,Low,2023,1,Saturday
922,2023-10-21,Cust922,Male,41,Electronics,1,50,50,Low,2023,10,Saturday
923,2023-05-26,Cust923,Male,32,Beauty,3,300,900,High,2023,5,Friday
924,2023-08-29,Cust924,Male,55,Beauty,2,50,100,Low,2023,8,Tuesday
925,2023-09-03,Cust925,Male,25,Electronics,1,300,300,Medium,2023,9,Sunday
926,2023-08-14,Cust926,Male,22,Electronics,1,30,30,Low,2023,8,Monday
927,2023-06-24,Cust927,Male,43,Electronics,4,500,2000,Premium,2023,6,Saturday
928,2023-04-05,Cust928,Female,35,Clothing,4,300,1200,Premium,2023,4,Wednesday
929,2023-01-27,Cust929,Female,23,Beauty,3,25,75,Low,2023,1,Friday
930,2023-05-10,Cust930,Male,54,Clothing,4,50,200,Medium,2023,5,Wednesday
931,2023-09-02,Cust931,Male,30,Beauty,4,30,120,Medium,2023,9,Saturday
932,2023-02-28,Cust932,Female,45,Beauty,4,25,100,Low,2023,2,Tuesday
933,2023-02-03,Cust933,Male,22,Beauty,1,30,30,Low,2023,2,Friday
934,2023-07-25,Cust934,Male,30,Beauty,1,500,500,Medium,2023,7,Tuesday
935,2023-09-09,Cust935,Female,34,Beauty,1,50,50,Low,2023,9,Saturday
936,2023-02-07,Cust936,Male,57,Beauty,4,50,200,Medium,2023,2,Tuesday
937,2023-10-23,Cust937,Female,62,Beauty,1,500,500,Medium,2023,10,Monday
938,2023-11-19,Cust938,Male,49,Clothing,4,50,200,Medium,2023,11,Sunday
939,2023-12-18,Cust939,Female,46,Electronics,1,300,300,Medium,2023,12,Monday
940,2023-01-28,Cust940,Female,20,Electronics,1,30,30,Low,2023,1,Saturday
941,2023-03-19,Cust941,Female,57,Clothing,2,25,50,Low,2023,3,Sunday
942,2023-03-18,Cust942,Male,51,Clothing,3,500,1500,Premium,2023,3,Saturday
943,2023-10-16,Cust943,Female,57,Clothing,4,300,1200,Premium,2023,10,Monday
944,2023-06-05,Cust944,Male,44,Clothing,2,25,50,Low,2023,6,Monday
945,2023-02-13,Cust945,Male,30,Beauty,1,25,25,Low,2023,2,Monday
946,2023-05-08,Cust946,Male,62,Electronics,4,500,2000,Premium,2023,5,Monday
947,2023-03-02,Cust947,Male,50,Beauty,1,300,300,Medium,2023,3,Thursday
948,2023-10-13,Cust948,Female,23,Electronics,3,25,75,Low,2023,10,Friday
949,2023-08-02,Cust949,Female,41,Electronics,2,25,50,Low,2023,8,Wednesday
950,2023-11-07,Cust950,Male,36,Clothing,3,300,900,High,2023,11,Tuesday
951,2023-11-02,Cust951,Male,33,Beauty,2,50,100,Low,2023,11,Thursday
952,2023-11-13,Cust952,Female,57,Clothing,1,25,25,Low,2023,11,Monday
953,2023-04-26,Cust953,Male,45,Beauty,3,30,90,Low,2023,4,Wednesday
954,2023-09-25,Cust954,Female,50,Electronics,3,300,900,High,2023,9,Monday
955,2023-07-14,Cust955,Male,58,Clothing,1,25,25,Low,2023,7,Friday
956,2023-08-19,Cust956,Male,30,Clothing,3,500,1500,Premium,2023,8,Saturday
957,2023-08-15,Cust957,Female,60,Electronics,4,30,120,Medium,2023,8,Tuesday
958,2023-06-02,Cust958,Male,62,Electronics,2,25,50,Low,2023,6,Friday
959,2023-10-29,Cust959,Female,42,Electronics,2,30,60,Low,2023,10,Sunday
960,2023-08-08,Cust960,Male,59,Clothing,2,30,60,Low,2023,8,Tuesday
961,2023-06-06,Cust961,Male,53,Beauty,4,50,200,Medium,2023,6,Tuesday
962,2023-10-19,Cust962,Male,44,Clothing,2,30,60,Low,2023,10,Thursday
963,2023-11-14,Cust963,Female,55,Beauty,1,50,50,Low,2023,11,Tuesday
964,2023-01-31,Cust964,Male,24,Clothing,3,300,900,High,2023,1,Tuesday
965,2023-11-09,Cust965,Male,22,Clothing,4,50,200,Medium,2023,11,Thursday
966,2023-02-20,Cust966,Male,60,Electronics,2,500,1000,High,2023,2,Monday
967,2023-04-17,Cust967,Male,62,Beauty,1,25,25,Low,2023,4,Monday
968,2023-11-17,Cust968,Female,48,Clothing,3,300,900,High,2023,11,Friday
969,2023-04-19,Cust969,Female,40,Clothing,3,300,900,High,2023,4,Wednesday
970,2023-05-16,Cust970,Male,59,Electronics,4,500,2000,Premium,2023,5,Tuesday
971,2023-12-05,Cust971,Female,27,Electronics,4,50,200,Medium,2023,12,Tuesday
972,2023-02-11,Cust972,Male,49,Beauty,4,25,100,Low,2023,2,Saturday
973,2023-03-22,Cust973,Male,60,Clothing,1,50,50,Low,2023,3,Wednesday
974,2023-05-03,Cust974,Male,47,Beauty,1,30,30,Low,2023,5,Wednesday
975,2023-03-30,Cust975,Female,56,Clothing,4,50,200,Medium,2023,3,Thursday
976,2023-10-10,Cust976,Female,48,Beauty,2,300,600,High,2023,10,Tuesday
977,2023-02-08,Cust977,Female,35,Electronics,3,25,75,Low,2023,2,Wednesday
978,2023-03-22,Cust978,Female,53,Clothing,3,50,150,Medium,2023,3,Wednesday
979,2023-01-02,Cust979,Female,19,Beauty,1,25,25,Low,2023,1,Monday
980,2023-07-29,Cust980,Female,31,Electronics,3,25,75,Low,2023,7,Saturday
981,2023-08-19,Cust981,Female,30,Electronics,2,30,60,Low,2023,8,Saturday
982,2023-12-19,Cust982,Female,46,Beauty,3,30,90,Low,2023,12,Tuesday
983,2023-11-01,Cust983,Female,29,Clothing,1,300,300,Medium,2023,11,Wednesday
984,2023-08-29,Cust984,Male,56,Clothing,1,500,500,Medium,2023,8,Tuesday
985,2023-05-30,Cust985,Female,19,Electronics,2,25,50,Low,2023,5,Tuesday
986,2023-01-17,Cust986,Female,49,Clothing,2,500,1000,High,2023,1,Tuesday
987,2023-04-29,Cust987,Female,30,Clothing,3,300,900,High,2023,4,Saturday
988,2023-05-28,Cust988,Female,63,Clothing,3,25,75,Low,2023,5,Sunday
989,2023-12-28,Cust989,Female,44,Electronics,1,25,25,Low,2023,12,Thursday
990,2023-05-25,Cust990,Female,58,Beauty,2,500,1000,High,2023,5,Thursday
991,2023-12-26,Cust991,Female,34,Clothing,2,50,100,Low,2023,12,Tuesday
992,2023-08-21,Cust992,Female,57,Electronics,2,30,60,Low,2023,8,Monday
993,2023-02-06,Cust993,Female,48,Electronics,3,50,150,Medium,2023,2,Monday
994,2023-12-18,Cust994,Female,51,Beauty,2,500,1000,High,2023,12,Monday
995,2023-04-30,Cust995,Female,41,Clothing,1,30,30,Low,2023,4,Sunday
996,2023-05-16,Cust996,Male,62,Clothing,1,50,50,Low,2023,5,Tuesday
997,2023-11-17,Cust997,Male,52,Beauty,3,30,90,Low,2023,11,Friday
998,2023-10-29,Cust998,Female,23,Beauty,4,25,100,Low,2023,10,Sunday
999,2023-12-05,Cust999,Female,36,Electronics,3,50,150,Medium,2023,12,Tuesday
1000,2023-04-12,Cust1000,Male,47,Electronics,4,30,120,Medium,2023,4,Wednesday
